Date,Product_ID,Store_ID,Daily_Sales,Promotion,Item_A_Quantity,Item_B_Quantity,Item_C_Quantity,Item_A_Price,Item_B_Price,Item_C_Price,Item_A_Sales,Item_B_Sales,Item_C_Sales,Random_Product_Sum,Total_Sum_All_Items
1/1/2022,P001,S01,27,0,1,107,17,8.04,58.75,32.08,8.04,6286.25,545.36,144,6839.65
1/2/2022,P001,S01,24,0,0,56,122,41.02,14.53,11.06,0,813.68,1349.32,212,2163
1/3/2022,P001,S01,27,0,0,97,108,15.52,8.88,14.45,0,861.36,1560.6,251,2421.96
1/4/2022,P001,S01,31,0,0,19,56,29.3,48.05,33.83,0,912.95,1894.48,122,2807.43
1/5/2022,P001,S01,24,1,0,111,136,44.6,49.97,20.52,0,5546.67,2790.72,280,8337.39
1/6/2022,P001,S01,24,1,0,76,65,34.29,14.25,51.98,0,1083,3378.7,190,4461.7
1/7/2022,P001,S01,32,0,0,65,23,28.98,21.81,46.12,0,1417.65,1060.76,130,2478.41
1/8/2022,P001,S01,29,1,0,25,37,19.6,8.91,54.19,0,222.75,2005.03,88,2227.78
1/9/2022,P001,S01,24,0,0,107,87,19.99,23.25,18.72,0,2487.75,1628.64,227,4116.39
1/10/2022,P001,S01,28,1,0,87,139,35.13,48.2,53.52,0,4193.4,7439.28,272,11632.68
1/11/2022,P001,S01,24,0,0,91,118,49.74,34.93,27.13,0,3178.63,3201.34,220,6379.97
1/12/2022,P001,S01,24,0,0,79,23,34.78,26.1,23.03,0,2061.9,529.69,143,2591.59
1/13/2022,P001,S01,27,0,1,79,65,30.1,27.33,8.47,30.1,2159.07,550.55,178,2739.72
1/14/2022,P001,S01,19,0,0,92,124,37.88,8.07,8.59,0,742.44,1065.16,234,1807.6
1/15/2022,P001,S01,19,0,1,104,16,25.93,23.59,39.91,25.93,2453.36,638.56,134,3117.85
1/16/2022,P001,S01,24,0,0,108,12,7.71,41.62,28.44,0,4494.96,341.28,146,4836.24
1/17/2022,P001,S01,22,0,0,28,120,30.3,58.66,17.1,0,1642.48,2052,174,3694.48
1/18/2022,P001,S01,28,1,0,7,116,48.09,52.05,36.08,0,364.35,4185.28,162,4549.63
1/19/2022,P001,S01,23,0,0,26,27,12.89,9.23,18.39,0,239.98,496.53,102,736.51
1/20/2022,P001,S01,21,0,0,57,47,36.05,54.73,34.3,0,3119.61,1612.1,124,4731.71
1/21/2022,P001,S01,33,1,0,6,124,14.04,48.73,23.6,0,292.38,2926.4,160,3218.78
1/22/2022,P001,S01,26,0,0,92,24,29.11,48.58,46.35,0,4469.36,1112.4,146,5581.76
1/23/2022,P001,S01,27,0,0,112,128,9.35,31.82,46.21,0,3563.84,5914.88,267,9478.72
1/24/2022,P001,S01,22,0,0,34,37,25.27,28.7,29.39,0,975.8,1087.43,109,2063.23
1/25/2022,P001,S01,25,1,0,42,48,39.03,23.75,23.19,0,997.5,1113.12,123,2110.62
1/26/2022,P001,S01,28,0,0,6,26,20.64,11.42,23.77,0,68.52,618.02,51,686.54
1/27/2022,P001,S01,23,0,0,68,95,34.92,19.87,45.48,0,1351.16,4320.6,189,5671.76
1/28/2022,P001,S01,29,1,0,64,135,40.8,20.82,22.08,0,1332.48,2980.8,226,4313.28
1/29/2022,P001,S01,25,1,0,25,53,46.72,33.17,16.24,0,829.25,860.72,107,1689.97
1/30/2022,P001,S01,27,0,0,37,34,15.56,46.87,10.15,0,1734.19,345.1,117,2079.29
1/31/2022,P001,S01,26,0,0,80,22,22.97,32.64,28.87,0,2611.2,635.14,129,3246.34
2/1/2022,P001,S01,36,0,0,62,34,11.86,11.01,29.62,0,682.62,1007.08,122,1689.7
2/2/2022,P001,S01,28,1,0,26,77,49.66,57.81,47.2,0,1503.06,3634.4,121,5137.46
2/3/2022,P001,S01,24,0,0,112,147,46.72,57.02,16.84,0,6386.24,2475.48,282,8861.72
2/4/2022,P001,S01,32,0,0,93,76,29.3,48.83,24.67,0,4541.19,1874.92,207,6416.11
2/5/2022,P001,S01,24,1,0,53,118,42.89,59.55,45.61,0,3156.15,5381.98,211,8538.13
2/6/2022,P001,S01,29,0,0,95,120,28.44,36.31,46.36,0,3449.45,5563.2,228,9012.65
2/7/2022,P001,S01,21,0,0,63,120,33.06,58.06,24.85,0,3657.78,2982,210,6639.78
2/8/2022,P001,S01,24,0,1,46,43,9.01,11.93,28.5,9.01,548.78,1225.5,119,1783.29
2/9/2022,P001,S01,30,0,0,96,120,38.99,27.02,20.86,0,2593.92,2503.2,234,5097.12
2/10/2022,P001,S01,32,0,1,64,17,10.75,19.72,51.7,10.75,1262.08,878.9,104,2151.73
2/11/2022,P001,S01,30,0,0,84,122,42.17,18.18,11.81,0,1527.12,1440.82,230,2967.94
2/12/2022,P001,S01,29,0,0,19,92,40.19,15.32,51.75,0,291.08,4761,147,5052.08
2/13/2022,P001,S01,28,0,0,66,51,36.89,40.37,39.51,0,2664.42,2015.01,141,4679.43
2/14/2022,P001,S01,23,1,0,66,110,6.63,48.63,32.05,0,3209.58,3525.5,213,6735.08
2/15/2022,P001,S01,27,0,0,51,15,18.64,38.07,7.6,0,1941.57,114,112,2055.57
2/16/2022,P001,S01,28,1,0,66,35,16.84,15.64,29.3,0,1032.24,1025.5,129,2057.74
2/17/2022,P001,S01,34,0,0,55,73,21.21,50.18,25.98,0,2759.9,1896.54,163,4656.44
2/18/2022,P001,S01,31,1,0,112,68,8.94,41.07,13.9,0,4599.84,945.2,215,5545.04
2/19/2022,P001,S01,23,1,0,59,118,47.16,28.18,38.16,0,1662.62,4502.88,211,6165.5
2/20/2022,P001,S01,31,0,0,68,130,29.92,43.05,53.59,0,2927.4,6966.7,233,9894.1
2/21/2022,P001,S01,28,1,0,7,42,18.75,21.52,33.55,0,150.64,1409.1,84,1559.74
2/22/2022,P001,S01,27,1,0,105,30,22.86,25.95,41.02,0,2724.75,1230.6,172,3955.35
2/23/2022,P001,S01,33,0,0,55,79,25.12,55.71,9.35,0,3064.05,738.65,161,3802.7
2/24/2022,P001,S01,34,0,1,11,121,32.03,23.11,26.47,32.03,254.21,3202.87,174,3489.11
2/25/2022,P001,S01,34,0,0,25,13,28.21,32.44,11.7,0,811,152.1,50,963.1
2/26/2022,P001,S01,27,1,1,77,103,46.37,54.29,36.03,46.37,4180.33,3711.09,192,7937.79
2/27/2022,P001,S01,29,1,0,43,84,27.36,44.8,51.99,0,1926.4,4367.16,169,6293.56
2/28/2022,P001,S01,32,1,0,22,71,49.65,11.23,38.43,0,247.06,2728.53,121,2975.59
3/1/2022,P001,S01,34,0,0,8,103,43.31,15.66,9.76,0,125.28,1005.28,137,1130.56
3/2/2022,P001,S01,29,1,0,93,104,14.38,8.41,23.38,0,782.13,2431.52,239,3213.65
3/3/2022,P001,S01,30,0,1,64,64,46.88,40.81,32.98,46.88,2611.84,2110.72,150,4769.44
3/4/2022,P001,S01,26,0,0,18,146,10.24,31.28,25.76,0,563.04,3760.96,176,4324
3/5/2022,P001,S01,26,0,0,118,140,41.79,14.98,46.85,0,1767.64,6559,293,8326.64
3/6/2022,P001,S01,34,0,0,13,40,22.13,57.81,45.92,0,751.53,1836.8,97,2588.33
3/7/2022,P001,S01,36,0,0,94,49,44.51,35.54,35.98,0,3340.76,1763.02,160,5103.78
3/8/2022,P001,S01,31,0,0,57,45,44.06,20.58,24.3,0,1173.06,1093.5,147,2266.56
3/9/2022,P001,S01,35,0,0,6,15,41.27,34.03,18.51,0,204.18,277.65,37,481.83
3/10/2022,P001,S01,32,0,0,88,75,40.55,43.34,11.19,0,3813.92,839.25,208,4653.17
3/11/2022,P001,S01,28,0,0,96,84,18.71,11.96,23.39,0,1148.16,1964.76,205,3112.92
3/12/2022,P001,S01,33,0,0,115,13,8.64,22.28,26.25,0,2562.2,341.25,161,2903.45
3/13/2022,P001,S01,37,0,0,64,88,23.13,49.96,39.12,0,3197.44,3442.56,162,6640
3/14/2022,P001,S01,31,0,0,75,143,12.81,31.9,38.25,0,2392.5,5469.75,252,7862.25
3/15/2022,P001,S01,37,0,0,48,127,36.27,36.42,9.44,0,1748.16,1198.88,194,2947.04
3/16/2022,P001,S01,21,0,0,12,122,20.57,30.51,25.37,0,366.12,3095.14,159,3461.26
3/17/2022,P001,S01,35,0,0,51,103,48.9,10.28,14.91,0,524.28,1535.73,179,2060.01
3/18/2022,P001,S01,32,0,0,39,71,33.84,16.62,13.68,0,648.18,971.28,127,1619.46
3/19/2022,P001,S01,30,0,0,82,88,42.01,31.17,46.54,0,2555.94,4095.52,208,6651.46
3/20/2022,P001,S01,32,0,0,85,145,10.96,18.88,8.05,0,1604.8,1167.25,278,2772.05
3/21/2022,P001,S01,23,1,0,40,35,43.79,10.6,26.54,0,424,928.9,112,1352.9
3/22/2022,P001,S01,31,0,0,54,53,46.52,51.87,14.24,0,2800.98,754.72,122,3555.7
3/23/2022,P001,S01,33,0,0,108,142,26.92,59.02,49.09,0,6374.16,6970.78,275,13344.94
3/24/2022,P001,S01,37,0,0,8,79,32.28,49.24,33.29,0,393.92,2629.91,116,3023.83
3/25/2022,P001,S01,29,0,0,6,127,39.42,52.4,17.34,0,314.4,2202.18,158,2516.58
3/26/2022,P001,S01,28,0,0,10,77,12.87,20.58,30.62,0,205.8,2357.74,103,2563.54
3/27/2022,P001,S01,29,0,0,58,28,27.62,57.95,41.84,0,3361.1,1171.52,109,4532.62
3/28/2022,P001,S01,35,0,0,110,29,22.94,18.24,52.95,0,2006.4,1535.55,174,3541.95
3/29/2022,P001,S01,33,0,0,8,122,11.59,57.47,16.8,0,459.76,2049.6,165,2509.36
3/30/2022,P001,S01,29,0,0,58,149,21.54,59.73,49.42,0,3464.34,7363.58,230,10827.92
3/31/2022,P001,S01,34,1,0,97,56,8.07,45.01,51.78,0,4365.97,2899.68,169,7265.65
4/1/2022,P001,S01,32,1,0,67,10,6.16,59.02,50.9,0,3954.34,509,119,4463.34
4/2/2022,P001,S01,35,1,0,22,99,11.08,37.62,37.14,0,827.64,3676.86,156,4504.5
4/3/2022,P001,S01,29,1,0,94,73,48.34,21.5,36.86,0,2021,2690.78,196,4711.78
4/4/2022,P001,S01,30,0,0,48,47,29.73,30.72,25.76,0,1474.56,1210.72,107,2685.28
4/5/2022,P001,S01,30,0,0,38,46,48.46,38.87,42.87,0,1477.06,1972.02,97,3449.08
4/6/2022,P001,S01,26,0,0,78,135,24.46,11.8,32.03,0,920.4,4324.05,248,5244.45
4/7/2022,P001,S01,33,0,0,66,148,19.03,40.36,39.19,0,2663.76,5800.12,234,8463.88
4/8/2022,P001,S01,32,1,0,104,109,27.78,59.02,26.99,0,6138.08,2941.91,224,9079.99
4/9/2022,P001,S01,31,0,0,18,86,24.78,17.89,41.84,0,322.02,3598.24,127,3920.26
4/10/2022,P001,S01,30,1,0,99,12,9.75,49.21,46.4,0,4871.79,556.8,150,5428.59
4/11/2022,P001,S01,26,0,0,52,143,33.84,55.21,13.18,0,2870.92,1884.74,216,4755.66
4/12/2022,P001,S01,30,1,0,19,19,14.72,57.07,46.81,0,1084.33,889.39,73,1973.72
4/13/2022,P001,S01,30,0,0,76,14,32.88,57.93,32.47,0,4402.68,454.58,132,4857.26
4/14/2022,P001,S01,28,0,0,82,147,34.26,35.12,47.39,0,2879.84,6966.33,251,9846.17
4/15/2022,P001,S01,31,0,0,91,139,11.84,58.82,27.13,0,5352.62,3771.07,253,9123.69
4/16/2022,P001,S01,33,0,0,66,22,7.76,47.38,24.57,0,3127.08,540.54,121,3667.62
4/17/2022,P001,S01,39,0,0,44,139,40.13,16.41,50.84,0,722.04,7066.76,226,7788.8
4/18/2022,P001,S01,32,0,0,89,93,25.69,32.8,18.31,0,2919.2,1702.83,217,4622.03
4/19/2022,P001,S01,32,1,1,84,74,7.62,45.35,47.37,7.62,3809.4,3505.38,189,7322.4
4/20/2022,P001,S01,31,0,0,113,72,49.77,20.86,29.72,0,2357.18,2139.84,222,4497.02
4/21/2022,P001,S01,23,0,1,86,110,7.6,41.31,31.19,7.6,3552.66,3430.9,242,6991.16
4/22/2022,P001,S01,31,0,0,115,82,36.28,42.66,21.11,0,4905.9,1731.02,246,6636.92
4/23/2022,P001,S01,31,1,0,57,26,49.27,16.46,34.08,0,938.22,886.08,94,1824.3
4/24/2022,P001,S01,41,0,0,28,18,15.76,37.38,21.94,0,1046.64,394.92,64,1441.56
4/25/2022,P001,S01,30,0,0,30,47,11.4,48.12,7.92,0,1443.6,372.24,109,1815.84
4/26/2022,P001,S01,32,0,0,93,103,10.46,33.94,19.33,0,3156.42,1990.99,220,5147.41
4/27/2022,P001,S01,31,0,0,64,104,18.65,8.63,6.31,0,552.32,656.24,190,1208.56
4/28/2022,P001,S01,26,0,0,113,58,9.55,8.47,53.94,0,957.11,3128.52,203,4085.63
4/29/2022,P001,S01,35,0,0,45,78,36.15,26.57,53.32,0,1195.65,4158.96,149,5354.61
4/30/2022,P001,S01,34,0,0,33,71,7.8,56.16,25.36,0,1853.28,1800.56,115,3653.84
5/1/2022,P001,S01,34,1,0,19,87,27.92,19.89,41.69,0,377.91,3627.03,135,4004.94
5/2/2022,P001,S01,27,0,1,49,126,49.85,40.99,22.94,49.85,2008.51,2890.44,205,4948.8
5/3/2022,P001,S01,36,0,0,69,129,41.63,19.55,38.88,0,1348.95,5015.52,210,6364.47
5/4/2022,P001,S01,25,0,1,93,146,32.68,24.73,45.47,32.68,2299.89,6638.62,261,8971.19
5/5/2022,P001,S01,33,1,0,75,85,18.78,52.1,52.39,0,3907.5,4453.15,209,8360.65
5/6/2022,P001,S01,39,0,0,13,44,33.08,45.9,25.61,0,596.7,1126.84,68,1723.54
5/7/2022,P001,S01,26,1,0,92,10,28.72,12.96,44.38,0,1192.32,443.8,147,1636.12
5/8/2022,P001,S01,28,0,0,5,49,24.17,30.29,19.03,0,151.45,932.47,77,1083.92
5/9/2022,P001,S01,30,0,0,112,73,10.88,9.52,54.53,0,1066.24,3980.69,210,5046.93
5/10/2022,P001,S01,28,0,0,12,69,44.9,33.01,7.26,0,396.12,500.94,109,897.06
5/11/2022,P001,S01,24,1,0,92,73,25.24,42.45,35.57,0,3905.4,2596.61,208,6502.01
5/12/2022,P001,S01,30,0,1,67,102,13.76,14.16,38.32,13.76,948.72,3908.64,185,4871.12
5/13/2022,P001,S01,26,1,0,15,81,21.55,23.02,39.71,0,345.3,3216.51,118,3561.81
5/14/2022,P001,S01,32,1,0,119,20,23.64,28.69,11.9,0,3414.11,238,184,3652.11
5/15/2022,P001,S01,26,0,0,85,114,42.24,55.82,51.99,0,4744.7,5926.86,230,10671.56
5/16/2022,P001,S01,36,0,0,12,23,38.01,59.65,14.88,0,715.8,342.24,62,1058.04
5/17/2022,P001,S01,26,0,0,39,69,39.62,10.34,36.51,0,403.26,2519.19,129,2922.45
5/18/2022,P001,S01,28,0,0,39,39,5.5,47.57,16.91,0,1855.23,659.49,117,2514.72
5/19/2022,P001,S01,33,1,0,37,44,23.73,27.33,21.05,0,1011.21,926.2,130,1937.41
5/20/2022,P001,S01,24,1,0,9,14,26.66,28.41,32.78,0,255.69,458.92,39,714.61
5/21/2022,P001,S01,30,0,0,110,92,5.86,47.22,26.44,0,5194.2,2432.48,243,7626.68
5/22/2022,P001,S01,34,0,0,107,132,16.69,55.76,13.85,0,5966.32,1828.2,267,7794.52
5/23/2022,P001,S01,22,1,0,45,87,39.21,57.45,14.38,0,2585.25,1251.06,147,3836.31
5/24/2022,P001,S01,30,0,0,32,71,11.17,38.01,26.49,0,1216.32,1880.79,132,3097.11
5/25/2022,P001,S01,30,1,0,11,141,29.09,26.57,43.11,0,292.27,6078.51,188,6370.78
5/26/2022,P001,S01,32,0,0,77,98,14.68,48.95,50,0,3769.15,4900,221,8669.15
5/27/2022,P001,S01,24,0,0,76,51,5.55,21.05,10.12,0,1599.8,516.12,143,2115.92
5/28/2022,P001,S01,23,0,0,16,98,15.85,37.33,25.26,0,597.28,2475.48,128,3072.76
5/29/2022,P001,S01,30,0,0,38,49,48.91,26.65,10.91,0,1012.7,534.59,107,1547.29
5/30/2022,P001,S01,29,0,0,37,81,41.07,42.14,6.81,0,1559.18,551.61,142,2110.79
5/31/2022,P001,S01,29,0,0,52,48,48.18,20.5,38.42,0,1066,1844.16,112,2910.16
6/1/2022,P001,S01,29,0,0,27,113,26.95,17.96,35.52,0,484.92,4013.76,154,4498.68
6/2/2022,P001,S01,25,1,0,66,23,9.94,55.75,13.99,0,3679.5,321.77,121,4001.27
6/3/2022,P001,S01,29,1,0,92,41,29.66,13.29,17.46,0,1222.68,715.86,179,1938.54
6/4/2022,P001,S01,29,0,0,41,134,25.45,34.31,7.16,0,1406.71,959.44,193,2366.15
6/5/2022,P001,S01,25,0,0,103,106,43,19.48,46.91,0,2006.44,4972.46,233,6978.9
6/6/2022,P001,S01,35,0,0,48,32,9.41,10.02,53.76,0,480.96,1720.32,92,2201.28
6/7/2022,P001,S01,29,0,0,108,72,26.97,9.87,12.64,0,1065.96,910.08,218,1976.04
6/8/2022,P001,S01,22,0,0,90,62,11.75,17.11,17.34,0,1539.9,1075.08,167,2614.98
6/9/2022,P001,S01,30,0,0,95,113,19.61,53.07,48.55,0,5041.65,5486.15,234,10527.8
6/10/2022,P001,S01,23,0,0,39,113,38.18,22.69,51.4,0,884.91,5808.2,187,6693.11
6/11/2022,P001,S01,30,0,0,69,48,26.42,57.42,26.56,0,3961.98,1274.88,147,5236.86
6/12/2022,P001,S01,31,0,0,103,143,21.91,38.24,8.48,0,3938.72,1212.64,263,5151.36
6/13/2022,P001,S01,23,0,0,105,76,22.75,30.7,7.93,0,3223.5,602.68,211,3826.18
6/14/2022,P001,S01,30,1,0,51,144,25.68,38.16,34.12,0,1946.16,4913.28,215,6859.44
6/15/2022,P001,S01,28,0,0,82,51,40.33,34.87,25.25,0,2859.34,1287.75,180,4147.09
6/16/2022,P001,S01,30,0,0,7,24,45.14,47.46,7.4,0,332.22,177.6,48,509.82
6/17/2022,P001,S01,34,0,0,5,120,47.99,22.69,34.58,0,113.45,4149.6,158,4263.05
6/18/2022,P001,S01,25,0,0,9,42,40.41,26.36,6.55,0,237.24,275.1,95,512.34
6/19/2022,P001,S01,23,1,0,94,47,19.19,54.49,44.58,0,5122.06,2095.26,164,7217.32
6/20/2022,P001,S01,22,0,0,18,106,35.97,57.22,21.02,0,1029.96,2228.12,147,3258.08
6/21/2022,P001,S01,22,1,0,107,42,24.69,54.41,7.97,0,5821.87,334.74,168,6156.61
6/22/2022,P001,S01,25,0,0,31,95,16.46,29.81,34.83,0,924.11,3308.85,147,4232.96
6/23/2022,P001,S01,27,0,0,13,75,42.84,48.58,25.49,0,631.54,1911.75,135,2543.29
6/24/2022,P001,S01,27,1,0,83,19,6.73,32.77,53.72,0,2719.91,1020.68,145,3740.59
6/25/2022,P001,S01,29,0,0,19,14,45.58,33.87,32.67,0,643.53,457.38,52,1100.91
6/26/2022,P001,S01,25,0,0,94,132,25.77,18.64,19.49,0,1752.16,2572.68,252,4324.84
6/27/2022,P001,S01,31,0,0,46,83,33.67,38.74,40.76,0,1782.04,3383.08,155,5165.12
6/28/2022,P001,S01,24,0,0,81,106,34.67,17.68,19.3,0,1432.08,2045.8,199,3477.88
6/29/2022,P001,S01,36,1,1,55,127,45.28,25.24,50.31,45.28,1388.2,6389.37,223,7822.85
6/30/2022,P001,S01,27,0,0,67,47,33.65,52.46,24.36,0,3514.82,1144.92,124,4659.74
7/1/2022,P001,S01,21,0,0,100,56,32.63,18.77,32.94,0,1877,1844.64,177,3721.64
7/2/2022,P001,S01,20,0,0,107,118,8,11.7,8.48,0,1251.9,1000.64,273,2252.54
7/3/2022,P001,S01,26,0,0,117,24,28.33,11.59,26.88,0,1356.03,645.12,154,2001.15
7/4/2022,P001,S01,23,0,0,56,145,11.76,56.92,46.79,0,3187.52,6784.55,223,9972.07
7/5/2022,P001,S01,27,0,0,100,14,38.18,34.36,45.48,0,3436,636.72,157,4072.72
7/6/2022,P001,S01,26,0,1,8,56,28.05,29.29,16.99,28.05,234.32,951.44,95,1213.81
7/7/2022,P001,S01,24,1,0,98,77,35.61,50.17,17.08,0,4916.66,1315.16,206,6231.82
7/8/2022,P001,S01,20,0,0,105,85,6.88,51.46,46.05,0,5403.3,3914.25,203,9317.55
7/9/2022,P001,S01,18,0,0,27,139,8.82,25.27,51.59,0,682.29,7171.01,193,7853.3
7/10/2022,P001,S01,22,1,0,107,104,37.23,44.07,10.67,0,4715.49,1109.68,225,5825.17
7/11/2022,P001,S01,27,0,0,113,124,8.24,48.1,28.05,0,5435.3,3478.2,265,8913.5
7/12/2022,P001,S01,24,0,0,19,45,8.21,42.04,22.54,0,798.76,1014.3,75,1813.06
7/13/2022,P001,S01,18,0,0,47,35,5.54,15.88,48.66,0,746.36,1703.1,103,2449.46
7/14/2022,P001,S01,24,0,0,33,52,48.04,53.55,10.09,0,1767.15,524.68,111,2291.83
7/15/2022,P001,S01,24,0,0,40,36,38.19,36.03,16.35,0,1441.2,588.6,95,2029.8
7/16/2022,P001,S01,19,1,0,17,78,20.9,22.69,42.87,0,385.73,3343.86,138,3729.59
7/17/2022,P001,S01,23,0,0,36,20,18.34,30.11,8.51,0,1083.96,170.2,71,1254.16
7/18/2022,P001,S01,23,0,0,75,83,20.74,9.95,30.13,0,746.25,2500.79,175,3247.04
7/19/2022,P001,S01,18,1,0,63,113,39.86,14.65,27.66,0,922.95,3125.58,196,4048.53
7/20/2022,P001,S01,24,0,0,119,47,34.76,47.81,22.39,0,5689.39,1052.33,187,6741.72
7/21/2022,P001,S01,24,0,0,90,143,13.33,8,25.33,0,720,3622.19,251,4342.19
7/22/2022,P001,S01,26,0,1,32,32,12.83,29.66,31.97,12.83,949.12,1023.04,76,1984.99
7/23/2022,P001,S01,26,1,0,70,56,9.43,35.17,13.91,0,2461.9,778.96,143,3240.86
7/24/2022,P001,S01,16,0,0,46,99,34.71,10.84,34.03,0,498.64,3368.97,165,3867.61
7/25/2022,P001,S01,18,0,0,49,55,39.4,58.6,45.47,0,2871.4,2500.85,149,5372.25
7/26/2022,P001,S01,24,0,0,66,116,16.93,19.76,43.25,0,1304.16,5017,201,6321.16
7/27/2022,P001,S01,24,0,0,61,149,5.94,23.82,13.54,0,1453.02,2017.46,240,3470.48
7/28/2022,P001,S01,23,0,0,10,113,8.7,23.81,13.31,0,238.1,1504.03,152,1742.13
7/29/2022,P001,S01,37,0,0,32,120,48.55,19.98,19.14,0,639.36,2296.8,169,2936.16
7/30/2022,P001,S01,23,1,0,32,113,18.3,8.08,23.69,0,258.56,2676.97,190,2935.53
7/31/2022,P001,S01,26,0,0,112,69,39.62,45.93,26.01,0,5144.16,1794.69,219,6938.85
8/1/2022,P001,S01,25,0,0,48,109,33.11,58.28,39.31,0,2797.44,4284.79,178,7082.23
8/2/2022,P001,S01,23,1,0,88,77,22.19,19.66,8.78,0,1730.08,676.06,188,2406.14
8/3/2022,P001,S01,20,1,0,34,142,14.26,42.48,7.7,0,1444.32,1093.4,206,2537.72
8/4/2022,P001,S01,24,0,0,66,129,10.46,46.58,25.2,0,3074.28,3250.8,226,6325.08
8/5/2022,P001,S01,17,0,0,79,46,32.68,52.12,40.16,0,4117.48,1847.36,155,5964.84
8/6/2022,P001,S01,20,0,0,96,81,39.86,29.98,15.48,0,2878.08,1253.88,216,4131.96
8/7/2022,P001,S01,18,1,1,93,136,33.98,23.75,37.43,33.98,2208.75,5090.48,278,7333.21
8/8/2022,P001,S01,21,1,1,107,115,28.86,24.92,18.73,28.86,2666.44,2153.95,252,4849.25
8/9/2022,P001,S01,29,0,0,66,101,6.89,45.06,49.42,0,2973.96,4991.42,200,7965.38
8/10/2022,P001,S01,13,1,1,101,40,48.58,50.47,49.89,48.58,5097.47,1995.6,174,7141.65
8/11/2022,P001,S01,23,0,0,5,131,40.94,17.44,20.57,0,87.2,2694.67,152,2781.87
8/12/2022,P001,S01,13,0,1,31,146,18.18,27.29,17.27,18.18,845.99,2521.42,196,3385.59
8/13/2022,P001,S01,18,0,0,66,60,49.1,54.9,26.15,0,3623.4,1569,136,5192.4
8/14/2022,P001,S01,24,1,0,81,38,32.08,49.95,17.79,0,4045.95,676.02,154,4721.97
8/15/2022,P001,S01,20,0,0,109,49,31.21,59.21,38.95,0,6453.89,1908.55,205,8362.44
8/16/2022,P001,S01,15,1,0,7,50,38.66,47.22,46.48,0,330.54,2324,104,2654.54
8/17/2022,P001,S01,17,1,0,107,20,41.53,28.45,38.98,0,3044.15,779.6,158,3823.75
8/18/2022,P001,S01,22,1,0,74,10,34.54,38.71,46.39,0,2864.54,463.9,103,3328.44
8/19/2022,P001,S01,16,0,0,76,55,10.76,42.37,25.45,0,3220.12,1399.75,146,4619.87
8/20/2022,P001,S01,20,0,0,31,110,20.22,12.08,13.66,0,374.48,1502.6,167,1877.08
8/21/2022,P001,S01,19,0,0,13,99,46.76,36.31,42.16,0,472.03,4173.84,159,4645.87
8/22/2022,P001,S01,16,0,0,66,119,15.11,44.88,23.66,0,2962.08,2815.54,218,5777.62
8/23/2022,P001,S01,28,0,0,41,66,21.75,16.7,38.89,0,684.7,2566.74,126,3251.44
8/24/2022,P001,S01,21,1,0,101,10,24.44,48.59,19.26,0,4907.59,192.6,128,5100.19
8/25/2022,P001,S01,11,0,0,55,72,24.77,38.36,9.98,0,2109.8,718.56,157,2828.36
8/26/2022,P001,S01,20,0,0,110,64,32.58,57.52,54.64,0,6327.2,3496.96,189,9824.16
8/27/2022,P001,S01,16,0,0,48,124,47.44,10.21,13.65,0,490.08,1692.6,202,2182.68
8/28/2022,P001,S01,22,0,1,28,62,15.83,21.8,54.43,15.83,610.4,3374.66,139,4000.89
8/29/2022,P001,S01,15,0,0,83,146,10.47,39.28,53.89,0,3260.24,7867.94,262,11128.18
8/30/2022,P001,S01,18,0,0,63,66,13.89,23.42,44.9,0,1475.46,2963.4,171,4438.86
8/31/2022,P001,S01,20,1,0,36,126,44.91,45.15,38.31,0,1625.4,4827.06,189,6452.46
9/1/2022,P001,S01,22,0,0,100,44,34.06,47.47,34.31,0,4747,1509.64,181,6256.64
9/2/2022,P001,S01,14,1,0,92,72,17.87,13.33,48.44,0,1226.36,3487.68,205,4714.04
9/3/2022,P001,S01,17,1,0,109,34,41.72,34.72,20.18,0,3784.48,686.12,164,4470.6
9/4/2022,P001,S01,16,0,0,56,99,43.76,34.46,28.92,0,1929.76,2863.08,191,4792.84
9/5/2022,P001,S01,16,1,0,117,84,43.09,27.2,36.35,0,3182.4,3053.4,220,6235.8
9/6/2022,P001,S01,25,0,0,66,47,46.35,56.51,26.15,0,3729.66,1229.05,154,4958.71
9/7/2022,P001,S01,20,1,0,117,139,16.35,51.03,26.95,0,5970.51,3746.05,291,9716.56
9/8/2022,P001,S01,13,0,1,62,144,38.98,44.25,22.18,38.98,2743.5,3193.92,241,5976.4
9/9/2022,P001,S01,22,1,0,56,100,25.72,45.14,33.65,0,2527.84,3365,176,5892.84
9/10/2022,P001,S01,26,1,0,16,26,42.89,32.01,47.68,0,512.16,1239.68,74,1751.84
9/11/2022,P001,S01,22,1,0,43,137,37.78,55.89,15.87,0,2403.27,2174.19,223,4577.46
9/12/2022,P001,S01,12,1,0,6,117,39.94,44.12,51.79,0,264.72,6059.43,172,6324.15
9/13/2022,P001,S01,16,0,0,7,34,34.53,45.91,39.77,0,321.37,1352.18,73,1673.55
9/14/2022,P001,S01,23,0,0,117,97,12.98,52.81,46.34,0,6178.77,4494.98,252,10673.75
9/15/2022,P001,S01,15,0,0,105,38,29.53,22.25,33.25,0,2336.25,1263.5,183,3599.75
9/16/2022,P001,S01,19,0,0,117,72,49.31,49.97,44.2,0,5846.49,3182.4,205,9028.89
9/17/2022,P001,S01,21,0,0,60,123,47.18,18.15,6.79,0,1089,835.17,232,1924.17
9/18/2022,P001,S01,14,0,0,85,58,6.94,25.96,46.1,0,2206.6,2673.8,185,4880.4
9/19/2022,P001,S01,17,1,0,63,90,12.42,25.45,7.97,0,1603.35,717.3,183,2320.65
9/20/2022,P001,S01,5,0,0,117,93,10.93,58.88,49.61,0,6888.96,4613.73,221,11502.69
9/21/2022,P001,S01,14,1,0,6,114,37.67,52.54,54.61,0,315.24,6225.54,147,6540.78
9/22/2022,P001,S01,17,0,0,6,127,41.8,44.46,20.41,0,266.76,2592.07,175,2858.83
9/23/2022,P001,S01,13,1,0,96,95,14.61,45.81,16.31,0,4397.76,1549.45,237,5947.21
9/24/2022,P001,S01,24,1,0,58,72,27.76,37.23,43.5,0,2159.34,3132,173,5291.34
9/25/2022,P001,S01,12,0,1,91,113,42.83,57.25,18.4,42.83,5209.75,2079.2,234,7331.78
9/26/2022,P001,S01,16,0,0,105,58,37.98,33.81,48.41,0,3550.05,2807.78,207,6357.83
9/27/2022,P001,S01,18,1,0,100,80,29.4,27.79,11.04,0,2779,883.2,207,3662.2
9/28/2022,P001,S01,23,0,0,101,10,31.57,16.48,12.17,0,1664.48,121.7,144,1786.18
9/29/2022,P001,S01,12,0,1,5,132,27.88,48.88,53.98,27.88,244.4,7125.36,155,7397.64
9/30/2022,P001,S01,22,0,0,23,71,18.39,46.19,39.02,0,1062.37,2770.42,133,3832.79
10/1/2022,P001,S01,18,0,1,6,41,30.43,27.99,47.5,30.43,167.94,1947.5,67,2145.87
10/2/2022,P001,S01,14,0,1,57,38,36,9.31,21.89,36,530.67,831.82,128,1398.49
10/3/2022,P001,S01,19,0,0,48,58,44.3,51.63,39.15,0,2478.24,2270.7,126,4748.94
10/4/2022,P001,S01,18,0,1,94,39,33.63,8.59,35.12,33.63,807.46,1369.68,145,2210.77
10/5/2022,P001,S01,15,0,0,36,28,39.25,44.59,35.55,0,1605.24,995.4,99,2600.64
10/6/2022,P001,S01,18,1,0,74,27,12.2,58.45,39.44,0,4325.3,1064.88,146,5390.18
10/7/2022,P001,S01,16,0,0,36,10,25.77,30.76,34.19,0,1107.36,341.9,88,1449.26
10/8/2022,P001,S01,18,1,0,72,87,5.42,20.22,27.02,0,1455.84,2350.74,181,3806.58
10/9/2022,P001,S01,20,0,0,59,124,16.1,44.65,19.52,0,2634.35,2420.48,232,5054.83
10/10/2022,P001,S01,24,0,0,79,122,37.69,50.49,43.66,0,3988.71,5326.52,235,9315.23
10/11/2022,P001,S01,13,0,1,60,123,49.63,36.41,17.09,49.63,2184.6,2102.07,197,4336.3
10/12/2022,P001,S01,26,0,0,21,72,9.46,58.29,39.93,0,1224.09,2874.96,121,4099.05
10/13/2022,P001,S01,10,0,0,42,141,23.07,10.69,17.43,0,448.98,2457.63,210,2906.61
10/14/2022,P001,S01,17,0,1,28,138,41,34.25,36.64,41,959,5056.32,213,6056.32
10/15/2022,P001,S01,20,0,1,73,17,14.18,45.36,42.61,14.18,3311.28,724.37,130,4049.83
10/16/2022,P001,S01,19,0,1,102,64,29.98,52.86,16.72,29.98,5391.72,1070.08,195,6491.78
10/17/2022,P001,S01,15,0,0,74,112,37.99,17.32,8.94,0,1281.68,1001.28,218,2282.96
10/18/2022,P001,S01,17,0,1,90,140,32.72,49.6,12.42,32.72,4464,1738.8,256,6235.52
10/19/2022,P001,S01,16,0,0,15,41,13.46,36.74,35.69,0,551.1,1463.29,66,2014.39
10/20/2022,P001,S01,16,1,0,116,19,20.99,28.62,47.62,0,3319.92,904.78,156,4224.7
10/21/2022,P001,S01,21,0,0,20,119,40.27,14.85,8.2,0,297,975.8,172,1272.8
10/22/2022,P001,S01,19,0,0,101,133,29.94,53,41.97,0,5353,5582.01,277,10935.01
10/23/2022,P001,S01,15,1,0,77,96,5.24,16.18,22.72,0,1245.86,2181.12,190,3426.98
10/24/2022,P001,S01,22,0,0,63,64,39.24,24.11,29.45,0,1518.93,1884.8,154,3403.73
10/25/2022,P001,S01,19,0,0,74,41,6.59,23.08,51.51,0,1707.92,2111.91,129,3819.83
10/26/2022,P001,S01,21,1,0,84,144,38.56,53.31,22.27,0,4478.04,3206.88,263,7684.92
10/27/2022,P001,S01,21,0,0,97,102,14.11,42.98,28.8,0,4169.06,2937.6,238,7106.66
10/28/2022,P001,S01,15,0,0,7,17,48.11,49.43,6.67,0,346.01,113.39,46,459.4
10/29/2022,P001,S01,16,0,0,24,74,21.56,21.02,10,0,504.48,740,126,1244.48
10/30/2022,P001,S01,21,0,0,63,66,19.71,40.49,18.67,0,2550.87,1232.22,167,3783.09
10/31/2022,P001,S01,21,0,0,40,76,11.7,37.73,7.36,0,1509.2,559.36,128,2068.56
11/1/2022,P001,S01,18,0,0,23,81,18.75,51.31,36.94,0,1180.13,2992.14,139,4172.27
11/2/2022,P001,S01,19,0,1,94,63,44.45,55.12,26.89,44.45,5181.28,1694.07,207,6919.8
11/3/2022,P001,S01,24,0,0,71,76,49.84,8.63,32.86,0,612.73,2497.36,168,3110.09
11/4/2022,P001,S01,16,1,0,23,60,21.57,43.05,14.56,0,990.15,873.6,94,1863.75
11/5/2022,P001,S01,21,1,0,24,106,25.19,10.7,20.5,0,256.8,2173,150,2429.8
11/6/2022,P001,S01,18,0,0,100,101,37.49,36.54,38.53,0,3654,3891.53,238,7545.53
11/7/2022,P001,S01,18,0,0,75,17,44.88,22.96,53.3,0,1722,906.1,119,2628.1
11/8/2022,P001,S01,23,0,0,56,44,31.69,23.95,8.47,0,1341.2,372.68,122,1713.88
11/9/2022,P001,S01,22,0,0,109,105,22.62,26.35,49.63,0,2872.15,5211.15,260,8083.3
11/10/2022,P001,S01,22,0,0,37,97,23.57,40.31,34.27,0,1491.47,3324.19,165,4815.66
11/11/2022,P001,S01,24,0,0,44,87,36.3,25.37,33.63,0,1116.28,2925.81,152,4042.09
11/12/2022,P001,S01,19,1,0,43,41,5.14,46.1,30.51,0,1982.3,1250.91,95,3233.21
11/13/2022,P001,S01,22,0,0,86,129,32.88,29.04,9.4,0,2497.44,1212.6,261,3710.04
11/14/2022,P001,S01,18,0,0,108,55,21,11.55,10.4,0,1247.4,572,179,1819.4
11/15/2022,P001,S01,21,0,0,5,64,40.74,48.76,35.44,0,243.8,2268.16,104,2511.96
11/16/2022,P001,S01,19,0,0,15,16,9.18,22.86,22.71,0,342.9,363.36,66,706.26
11/17/2022,P001,S01,20,1,1,96,83,31.47,30.5,50.95,31.47,2928,4228.85,213,7188.32
11/18/2022,P001,S01,22,1,1,61,16,26.64,43.64,25.92,26.64,2662.04,414.72,99,3103.4
11/19/2022,P001,S01,17,1,0,93,94,33.9,25.29,13.02,0,2351.97,1223.88,212,3575.85
11/20/2022,P001,S01,28,0,0,54,121,7.92,10.94,41.02,0,590.76,4963.42,207,5554.18
11/21/2022,P001,S01,16,0,0,27,134,31.1,27.44,20.37,0,740.88,2729.58,210,3470.46
11/22/2022,P001,S01,15,0,0,35,45,30.27,57.11,31.75,0,1998.85,1428.75,98,3427.6
11/23/2022,P001,S01,25,0,0,98,38,30.23,41.37,40.19,0,4054.26,1527.22,177,5581.48
11/24/2022,P001,S01,24,0,1,46,91,32.16,42.92,50.11,32.16,1974.32,4560.01,162,6566.49
11/25/2022,P001,S01,23,1,1,103,11,35.44,40.88,44.82,35.44,4210.64,493.02,161,4739.1
11/26/2022,P001,S01,23,0,0,11,138,41.22,18.35,39.14,0,201.85,5401.32,171,5603.17
11/27/2022,P001,S01,21,0,0,20,56,17.14,29.75,39.3,0,595,2200.8,90,2795.8
11/28/2022,P001,S01,17,0,0,94,20,42.13,47.05,52.35,0,4422.7,1047,134,5469.7
11/29/2022,P001,S01,21,0,0,116,139,27.42,13.27,20.5,0,1539.32,2849.5,274,4388.82
11/30/2022,P001,S01,18,0,0,64,128,8.47,22.45,6.05,0,1436.8,774.4,214,2211.2
12/1/2022,P001,S01,25,1,0,117,149,7.63,22.37,19.33,0,2617.29,2880.17,290,5497.46
12/2/2022,P001,S01,21,1,0,6,29,20.04,30.46,16.68,0,182.76,483.72,51,666.48
12/3/2022,P001,S01,18,1,0,5,14,40.32,58.98,38.43,0,294.9,538.02,68,832.92
12/4/2022,P001,S01,20,0,0,52,46,36.85,11.51,37.05,0,598.52,1704.3,135,2302.82
12/5/2022,P001,S01,23,0,1,16,146,40.49,34.97,35.08,40.49,559.52,5121.68,204,5721.69
12/6/2022,P001,S01,19,0,0,73,62,28.28,17.33,6.8,0,1265.09,421.6,179,1686.69
12/7/2022,P001,S01,18,0,0,41,108,24.81,58.48,41.71,0,2397.68,4504.68,173,6902.36
12/8/2022,P001,S01,23,1,0,36,95,11.64,13.89,21.85,0,500.04,2075.75,176,2575.79
12/9/2022,P001,S01,23,0,0,13,117,19.77,28.99,38.59,0,376.87,4515.03,160,4891.9
12/10/2022,P001,S01,20,0,0,109,33,24.53,46.37,33.27,0,5054.33,1097.91,157,6152.24
12/11/2022,P001,S01,20,0,0,103,90,8.99,44.64,22.79,0,4597.92,2051.1,203,6649.02
12/12/2022,P001,S01,23,0,0,23,129,14.93,29.98,12.59,0,689.54,1624.11,165,2313.65
12/13/2022,P001,S01,17,1,0,52,68,31.92,26.02,10.63,0,1353.04,722.84,140,2075.88
12/14/2022,P001,S01,17,0,1,84,137,38.1,28.68,46.74,38.1,2409.12,6403.38,257,8850.6
12/15/2022,P001,S01,20,0,0,7,123,49.93,21.74,51,0,152.18,6273,176,6425.18
12/16/2022,P001,S01,22,0,0,24,124,46.99,18.68,37.84,0,448.32,4692.16,180,5140.48
12/17/2022,P001,S01,24,0,0,28,23,33.92,33.12,11.07,0,927.36,254.61,89,1181.97
12/18/2022,P001,S01,29,1,0,58,18,23.96,21.96,25.7,0,1273.68,462.6,106,1736.28
12/19/2022,P001,S01,26,1,0,37,49,33.63,22.95,41.72,0,849.15,2044.28,122,2893.43
12/20/2022,P001,S01,23,1,0,28,34,40.35,42.15,44.21,0,1180.2,1503.14,110,2683.34
12/21/2022,P001,S01,23,1,0,79,112,10.33,58.36,11.79,0,4610.44,1320.48,240,5930.92
12/22/2022,P001,S01,19,0,0,117,31,23.45,39.39,6,0,4608.63,186,170,4794.63
12/23/2022,P001,S01,23,0,1,76,13,42.79,12,40.89,42.79,912,531.57,122,1486.36
12/24/2022,P001,S01,23,0,0,40,38,22.27,11.93,23.47,0,477.2,891.86,103,1369.06
12/25/2022,P001,S01,25,0,0,42,118,30.73,57.47,18.47,0,2413.74,2179.46,199,4593.2
12/26/2022,P001,S01,21,1,0,108,107,31.45,23.46,6.63,0,2533.68,709.41,228,3243.09
12/27/2022,P001,S01,26,0,0,88,46,13.3,12.79,32.47,0,1125.52,1493.62,183,2619.14
12/28/2022,P001,S01,30,1,0,103,84,21.3,39.15,47.71,0,4032.45,4007.64,212,8040.09
12/29/2022,P001,S01,24,0,0,116,79,20.05,40.43,52.92,0,4689.88,4180.68,235,8870.56
12/30/2022,P001,S01,26,0,0,93,137,6.18,41.72,33.72,0,3879.96,4619.64,264,8499.6
12/31/2022,P001,S01,27,0,0,103,94,6.09,21.9,31.21,0,2255.7,2933.74,218,5189.44
1/1/2023,P001,S01,23,1,0,29,51,42.43,8.79,10.17,0,254.91,518.67,115,773.58
1/2/2023,P001,S01,26,0,0,97,109,17.29,58.18,32.89,0,5643.46,3585.01,252,9228.47
1/3/2023,P001,S01,25,0,0,22,50,28.31,21.05,24.62,0,463.1,1231,114,1694.1
1/4/2023,P001,S01,25,0,0,114,43,18.44,43.15,35.75,0,4919.1,1537.25,194,6456.35
1/5/2023,P001,S01,22,0,0,86,26,47.33,44.74,25.05,0,3847.64,651.3,130,4498.94
1/6/2023,P001,S01,25,0,1,70,131,16.67,39.72,17.77,16.67,2780.4,2327.87,223,5124.94
1/7/2023,P001,S01,27,1,0,58,85,24.33,24.27,10.65,0,1407.66,905.25,157,2312.91
1/8/2023,P001,S01,31,0,0,39,96,44.27,22.1,21.43,0,861.9,2057.28,172,2919.18
1/9/2023,P001,S01,29,0,0,84,126,42.89,39.08,10.74,0,3282.72,1353.24,254,4635.96
1/10/2023,P001,S01,34,0,0,65,115,13.37,53.04,14.67,0,3447.6,1687.05,194,5134.65
1/11/2023,P001,S01,23,0,0,45,95,41.12,57.23,54.38,0,2575.35,5166.1,183,7741.45
1/12/2023,P001,S01,29,1,0,104,36,25.62,13.51,27.76,0,1405.04,999.36,183,2404.4
1/13/2023,P001,S01,27,0,0,37,66,26.73,16.05,32.06,0,593.85,2115.96,125,2709.81
1/14/2023,P001,S01,35,0,0,72,40,11.01,57.13,48.81,0,4113.36,1952.4,160,6065.76
1/15/2023,P001,S01,23,0,0,37,143,8.63,46.3,54.78,0,1713.1,7833.54,203,9546.64
1/16/2023,P001,S01,23,1,0,18,107,37.76,53.92,34.55,0,970.56,3696.85,145,4667.41
1/17/2023,P001,S01,24,1,0,25,21,27.34,18.54,45.81,0,463.5,962.01,93,1425.51
1/18/2023,P001,S01,18,0,0,52,62,24.66,38.55,22.02,0,2004.6,1365.24,127,3369.84
1/19/2023,P001,S01,25,0,0,24,147,37.83,44.46,20.98,0,1067.04,3084.06,213,4151.1
1/20/2023,P001,S01,24,0,0,12,131,39.45,43.37,25.73,0,520.44,3370.63,159,3891.07
1/21/2023,P001,S01,28,1,0,11,55,12.15,29.22,38.95,0,321.42,2142.25,83,2463.67
1/22/2023,P001,S01,28,0,0,71,73,32.46,8.8,39.43,0,624.8,2878.39,190,3503.19
1/23/2023,P001,S01,35,0,0,21,139,11.09,38.31,21.45,0,804.51,2981.55,179,3786.06
1/24/2023,P001,S01,31,0,0,37,63,38.81,21.16,12.53,0,782.92,789.39,124,1572.31
1/25/2023,P001,S01,25,0,0,52,116,34.56,31.41,36.99,0,1633.32,4290.84,215,5924.16
1/26/2023,P001,S01,24,0,0,80,60,48.05,57.79,12.29,0,4623.2,737.4,164,5360.6
1/27/2023,P001,S01,30,1,1,63,45,8.1,28.75,34.35,8.1,1811.25,1545.75,123,3365.1
1/28/2023,P001,S01,22,0,0,119,124,7.57,51.67,39.98,0,6148.73,4957.52,281,11106.25
1/29/2023,P001,S01,35,0,0,90,35,17.7,17.8,40.33,0,1602,1411.55,153,3013.55
1/30/2023,P001,S01,33,0,0,26,38,16.78,42.97,42.92,0,1117.22,1630.96,83,2748.18
1/31/2023,P001,S01,26,1,0,114,20,16.11,58.8,48.77,0,6703.2,975.4,155,7678.6
2/1/2023,P001,S01,21,0,0,34,49,45.78,13.3,30.5,0,452.2,1494.5,96,1946.7
2/2/2023,P001,S01,34,1,0,42,20,16.23,8.43,41.78,0,354.06,835.6,102,1189.66
2/3/2023,P001,S01,28,0,1,106,122,17.24,30.55,36.34,17.24,3238.3,4433.48,256,7689.02
2/4/2023,P001,S01,33,0,0,113,48,39.17,12.82,15.15,0,1448.66,727.2,186,2175.86
2/5/2023,P001,S01,22,0,0,55,63,25.24,46.92,7.26,0,2580.6,457.38,167,3037.98
2/6/2023,P001,S01,26,0,0,58,107,39.95,55.56,19.94,0,3222.48,2133.58,210,5356.06
2/7/2023,P001,S01,29,0,0,12,64,7.94,30.57,27.71,0,366.84,1773.44,110,2140.28
2/8/2023,P001,S01,29,1,0,31,120,26.94,21.45,36.24,0,664.95,4348.8,183,5013.75
2/9/2023,P001,S01,27,0,0,31,78,6.51,30.59,47.65,0,948.29,3716.7,130,4664.99
2/10/2023,P001,S01,32,0,0,102,65,7.82,45.62,15.62,0,4653.24,1015.3,210,5668.54
2/11/2023,P001,S01,25,0,0,25,42,45.79,8.47,12.15,0,211.75,510.3,112,722.05
2/12/2023,P001,S01,29,1,0,34,45,11.27,38.65,53.21,0,1314.1,2394.45,125,3708.55
2/13/2023,P001,S01,30,1,0,101,90,28.96,39.89,11.29,0,4028.89,1016.1,203,5044.99
2/14/2023,P001,S01,31,0,0,32,118,23.5,41.16,29.45,0,1317.12,3475.1,168,4792.22
2/15/2023,P001,S01,32,1,1,115,82,20.63,20.59,34.69,20.63,2367.85,2844.58,225,5233.06
2/16/2023,P001,S01,25,0,0,68,49,45.49,45.13,32.53,0,3068.84,1593.97,161,4662.81
2/17/2023,P001,S01,24,0,1,101,26,5.98,12.75,10.22,5.98,1287.75,265.72,171,1559.45
2/18/2023,P001,S01,35,1,0,73,138,34.87,18.36,8.79,0,1340.28,1213.02,234,2553.3
2/19/2023,P001,S01,31,1,0,65,70,48.35,53.63,11.17,0,3485.95,781.9,148,4267.85
2/20/2023,P001,S01,27,0,0,52,113,30.21,46.41,34.69,0,2413.32,3919.97,203,6333.29
2/21/2023,P001,S01,36,0,0,23,51,47.16,8.71,32.67,0,200.33,1666.17,98,1866.5
2/22/2023,P001,S01,30,0,0,8,34,7.35,20.92,17.45,0,167.36,593.3,79,760.66
2/23/2023,P001,S01,35,1,0,39,48,23.85,19.15,37.25,0,746.85,1788,112,2534.85
2/24/2023,P001,S01,30,0,0,68,44,16.71,22.08,46.18,0,1501.44,2031.92,133,3533.36
2/25/2023,P001,S01,38,0,0,53,140,37.89,20.87,8.04,0,1106.11,1125.6,207,2231.71
2/26/2023,P001,S01,37,0,0,21,117,49.16,11.25,30.41,0,236.25,3557.97,181,3794.22
2/27/2023,P001,S01,29,0,0,48,111,16.54,31.86,39.78,0,1529.28,4415.58,169,5944.86
2/28/2023,P001,S01,34,0,1,96,107,34.44,46.1,18.36,34.44,4425.6,1964.52,252,6424.56
3/1/2023,P001,S01,33,1,0,34,21,13.91,39.55,21.08,0,1344.7,442.68,96,1787.38
3/2/2023,P001,S01,36,0,0,97,28,30.44,42.99,36.07,0,4170.03,1009.96,160,5179.99
3/3/2023,P001,S01,27,0,0,50,110,25.88,12.22,50,0,611,5500,186,6111
3/4/2023,P001,S01,33,0,0,10,53,48.74,57.48,45.69,0,574.8,2421.57,99,2996.37
3/5/2023,P001,S01,35,1,0,103,58,32.38,51.6,34.57,0,5314.8,2005.06,194,7319.86
3/6/2023,P001,S01,24,0,0,109,26,20.73,49.86,41.78,0,5434.74,1086.28,179,6521.02
3/7/2023,P001,S01,26,0,0,41,83,10.13,50.8,23.88,0,2082.8,1982.04,172,4064.84
3/8/2023,P001,S01,23,1,0,28,66,11.81,56.5,37.41,0,1582,2469.06,129,4051.06
3/9/2023,P001,S01,30,1,0,97,64,15.14,36.3,28.84,0,3521.1,1845.76,208,5366.86
3/10/2023,P001,S01,34,1,0,117,56,16.29,18.41,15.31,0,2153.97,857.36,205,3011.33
3/11/2023,P001,S01,37,1,1,50,21,43.28,40.07,40.39,43.28,2003.5,848.19,103,2894.97
3/12/2023,P001,S01,31,0,0,57,71,30.26,46.63,33.27,0,2657.91,2362.17,141,5020.08
3/13/2023,P001,S01,38,1,0,99,89,28.55,46.37,23.57,0,4590.63,2097.73,206,6688.36
3/14/2023,P001,S01,26,0,0,103,92,10.16,35.12,50.66,0,3617.36,4660.72,208,8278.08
3/15/2023,P001,S01,24,1,0,64,17,43.71,11.56,7.03,0,739.84,119.51,97,859.35
3/16/2023,P001,S01,31,1,1,101,90,37.53,27.3,21.47,37.53,2757.3,1932.3,224,4727.13
3/17/2023,P001,S01,33,1,0,67,127,8.05,55.88,8.79,0,3743.96,1116.33,205,4860.29
3/18/2023,P001,S01,31,0,0,89,34,36.85,38.39,43.56,0,3416.71,1481.04,156,4897.75
3/19/2023,P001,S01,23,0,0,36,98,29.46,35.99,40.4,0,1295.64,3959.2,183,5254.84
3/20/2023,P001,S01,31,0,0,91,21,8.68,21.98,22.24,0,2000.18,467.04,152,2467.22
3/21/2023,P001,S01,26,1,0,37,68,25.62,27.16,39.11,0,1004.92,2659.48,145,3664.4
3/22/2023,P001,S01,34,1,0,71,118,26.81,54.56,25.4,0,3873.76,2997.2,238,6870.96
3/23/2023,P001,S01,33,0,0,22,35,12.46,42.66,43.06,0,938.52,1507.1,100,2445.62
3/24/2023,P001,S01,28,0,0,29,56,47.56,48.94,28.25,0,1419.26,1582,118,3001.26
3/25/2023,P001,S01,29,0,1,110,41,43.25,31.63,26.2,43.25,3479.3,1074.2,187,4596.75
3/26/2023,P001,S01,27,1,0,99,19,35.11,40.77,51.8,0,4036.23,984.2,143,5020.43
3/27/2023,P001,S01,31,1,0,58,25,25.8,20.92,18.29,0,1213.36,457.25,105,1670.61
3/28/2023,P001,S01,35,0,0,62,35,23.53,44.68,11.9,0,2770.16,416.5,121,3186.66
3/29/2023,P001,S01,28,0,0,71,95,34.29,30.24,34.64,0,2147.04,3290.8,202,5437.84
3/30/2023,P001,S01,34,1,1,108,144,29.54,31.01,53.5,29.54,3349.08,7704,266,11082.62
3/31/2023,P001,S01,29,1,0,50,23,7.8,41.76,24.51,0,2088,563.73,98,2651.73
4/1/2023,P001,S01,28,0,0,28,88,28.06,56.69,9.04,0,1587.32,795.52,155,2382.84
4/2/2023,P001,S01,31,0,0,118,126,41.29,11.33,22.63,0,1336.94,2851.38,283,4188.32
4/3/2023,P001,S01,27,0,0,36,16,25.67,50.89,30.79,0,1832.04,492.64,97,2324.68
4/4/2023,P001,S01,29,0,0,51,146,7.34,23.2,13.93,0,1183.2,2033.78,209,3216.98
4/5/2023,P001,S01,27,0,0,90,124,40.38,31.08,38.25,0,2797.2,4743,245,7540.2
4/6/2023,P001,S01,39,0,0,27,81,14.06,9.14,54.89,0,246.78,4446.09,139,4692.87
4/7/2023,P001,S01,32,1,0,70,68,16.64,23.65,28.14,0,1655.5,1913.52,159,3569.02
4/8/2023,P001,S01,29,0,0,31,91,12.41,34.14,23.38,0,1058.34,2127.58,152,3185.92
4/9/2023,P001,S01,32,1,0,110,125,19.86,10.92,25.63,0,1201.2,3203.75,248,4404.95
4/10/2023,P001,S01,31,0,1,6,112,39.05,33.54,11.64,39.05,201.24,1303.68,159,1543.97
4/11/2023,P001,S01,31,0,0,94,26,28.37,56.21,49.28,0,5283.74,1281.28,160,6565.02
4/12/2023,P001,S01,34,0,0,21,23,14.22,13.48,26.33,0,283.08,605.59,76,888.67
4/13/2023,P001,S01,34,0,0,108,117,44.5,47.75,24.98,0,5157,2922.66,254,8079.66
4/14/2023,P001,S01,29,1,0,37,54,44.58,29.3,38.32,0,1084.1,2069.28,115,3153.38
4/15/2023,P001,S01,29,1,0,13,107,44.18,42.07,27.66,0,546.91,2959.62,152,3506.53
4/16/2023,P001,S01,30,0,1,47,140,15.75,21.53,37.76,15.75,1011.91,5286.4,225,6314.06
4/17/2023,P001,S01,22,0,0,52,46,25.31,16.29,9.01,0,847.08,414.46,123,1261.54
4/18/2023,P001,S01,25,1,0,43,117,49.32,16.34,45.87,0,702.62,5366.79,206,6069.41
4/19/2023,P001,S01,37,0,0,97,48,39.74,11.67,52.08,0,1131.99,2499.84,175,3631.83
4/20/2023,P001,S01,38,0,0,46,24,6.22,17.65,37.79,0,811.9,906.96,94,1718.86
4/21/2023,P001,S01,30,1,0,30,129,7.93,42.54,52.77,0,1276.2,6807.33,185,8083.53
4/22/2023,P001,S01,33,0,0,103,13,25.88,53.85,13.42,0,5546.55,174.46,162,5721.01
4/23/2023,P001,S01,32,0,0,54,102,45.91,50.33,29.39,0,2717.82,2997.78,178,5715.6
4/24/2023,P001,S01,43,0,0,29,25,29.24,43.63,35.49,0,1265.27,887.25,82,2152.52
4/25/2023,P001,S01,35,1,0,28,117,27.4,13.74,34.51,0,384.72,4037.67,184,4422.39
4/26/2023,P001,S01,30,0,0,17,135,9.75,23.04,25.67,0,391.68,3465.45,179,3857.13
4/27/2023,P001,S01,27,0,0,64,64,34.56,24.11,22.57,0,1543.04,1444.48,151,2987.52
4/28/2023,P001,S01,24,1,0,11,43,41.99,21,12.21,0,231,525.03,99,756.03
4/29/2023,P001,S01,32,0,0,61,22,22.12,34.78,25.2,0,2121.58,554.4,128,2675.98
4/30/2023,P001,S01,28,1,0,40,27,39.9,35.85,13.97,0,1434,377.19,96,1811.19
5/1/2023,P001,S01,25,0,0,49,105,48.4,26.56,41.98,0,1301.44,4407.9,182,5709.34
5/2/2023,P001,S01,28,1,0,24,132,14.17,26.4,16.23,0,633.6,2142.36,172,2775.96
5/3/2023,P001,S01,26,0,0,69,48,28.55,51.08,8.87,0,3524.52,425.76,130,3950.28
5/4/2023,P001,S01,37,0,0,12,55,17.92,49.04,33.07,0,588.48,1818.85,110,2407.33
5/5/2023,P001,S01,34,0,0,114,38,40.68,24.01,35.17,0,2737.14,1336.46,163,4073.6
5/6/2023,P001,S01,30,0,0,20,71,30.99,55.52,48.72,0,1110.4,3459.12,105,4569.52
5/7/2023,P001,S01,36,1,1,18,25,33.56,57.55,34.27,33.56,1035.9,856.75,63,1926.21
5/8/2023,P001,S01,30,1,0,80,130,40.91,24.99,22.93,0,1999.2,2980.9,251,4980.1
5/9/2023,P001,S01,27,0,0,119,19,22.82,26.43,45.35,0,3145.17,861.65,160,4006.82
5/10/2023,P001,S01,36,0,0,91,112,46.18,34.29,32.47,0,3120.39,3636.64,251,6757.03
5/11/2023,P001,S01,32,1,0,19,93,28.99,56.94,9.88,0,1081.86,918.84,126,2000.7
5/12/2023,P001,S01,26,1,0,96,142,12.11,53.57,33.73,0,5142.72,4789.66,257,9932.38
5/13/2023,P001,S01,29,0,0,102,74,36.32,13.33,50.49,0,1359.66,3736.26,195,5095.92
5/14/2023,P001,S01,26,0,0,70,12,40.7,28.42,25.42,0,1989.4,305.04,129,2294.44
5/15/2023,P001,S01,24,0,0,36,129,19.25,36.78,20.52,0,1324.08,2647.08,201,3971.16
5/16/2023,P001,S01,33,0,0,91,77,43.57,34.16,13.03,0,3108.56,1003.31,198,4111.87
5/17/2023,P001,S01,37,0,0,67,46,45.78,18.08,13.42,0,1211.36,617.32,130,1828.68
5/18/2023,P001,S01,24,0,0,90,82,17.46,52.66,27.21,0,4739.4,2231.22,182,6970.62
5/19/2023,P001,S01,32,0,0,55,58,49.26,43.2,35.19,0,2376,2041.02,150,4417.02
5/20/2023,P001,S01,27,1,0,29,130,11.33,51.57,9.95,0,1495.53,1293.5,207,2789.03
5/21/2023,P001,S01,27,0,0,62,97,14.09,52.66,52.04,0,3264.92,5047.88,182,8312.8
5/22/2023,P001,S01,27,0,0,67,149,13.29,46.91,43,0,3142.97,6407,246,9549.97
5/23/2023,P001,S01,25,0,0,66,46,45.23,30.84,34.74,0,2035.44,1598.04,151,3633.48
5/24/2023,P001,S01,29,0,0,26,70,34.44,39.75,46.59,0,1033.5,3261.3,126,4294.8
5/25/2023,P001,S01,25,0,0,62,133,11.84,16.34,9.93,0,1013.08,1320.69,213,2333.77
5/26/2023,P001,S01,30,0,0,62,48,24.81,43.03,29.37,0,2667.86,1409.76,136,4077.62
5/27/2023,P001,S01,28,0,1,90,72,32.69,17.32,36.87,32.69,1558.8,2654.64,177,4246.13
5/28/2023,P001,S01,27,0,0,53,55,8.76,44.09,46.6,0,2336.77,2563,148,4899.77
5/29/2023,P001,S01,25,0,0,56,97,44.71,19.94,44.39,0,1116.64,4305.83,202,5422.47
5/30/2023,P001,S01,26,0,0,46,20,41.16,14.11,19.58,0,649.06,391.6,113,1040.66
5/31/2023,P001,S01,31,1,0,74,71,27.73,16.59,52.1,0,1227.66,3699.1,173,4926.76
6/1/2023,P001,S01,30,0,0,19,86,48.52,8.1,12.09,0,153.9,1039.74,150,1193.64
6/2/2023,P001,S01,24,1,0,58,61,23.8,45.37,48.88,0,2631.46,2981.68,161,5613.14
6/3/2023,P001,S01,28,0,0,111,13,49.28,46.08,53.58,0,5114.88,696.54,146,5811.42
6/4/2023,P001,S01,31,0,0,64,68,35.06,34.78,14.68,0,2225.92,998.24,155,3224.16
6/5/2023,P001,S01,21,0,0,105,81,33.56,16.39,41.38,0,1720.95,3351.78,228,5072.73
6/6/2023,P001,S01,30,0,0,101,102,12.47,12.34,7.97,0,1246.34,812.94,241,2059.28
6/7/2023,P001,S01,25,1,1,12,72,44.69,8.99,25.87,44.69,107.88,1862.64,130,2015.21
6/8/2023,P001,S01,30,1,0,57,63,24.24,16.62,31.3,0,947.34,1971.9,139,2919.24
6/9/2023,P001,S01,24,1,0,64,126,12.3,54.32,34.45,0,3476.48,4340.7,230,7817.18
6/10/2023,P001,S01,20,0,0,112,119,5.57,20.56,51.86,0,2302.72,6171.34,246,8474.06
6/11/2023,P001,S01,20,0,1,112,83,30.19,26.42,38.94,30.19,2959.04,3232.02,206,6221.25
6/12/2023,P001,S01,27,0,0,9,116,28.73,13.48,29.58,0,121.32,3431.28,141,3552.6
6/13/2023,P001,S01,28,0,0,107,66,37.37,19.56,45.67,0,2092.92,3014.22,209,5107.14
6/14/2023,P001,S01,23,0,0,72,12,45.06,35,52.58,0,2520,630.96,114,3150.96
6/15/2023,P001,S01,29,0,0,10,129,8.57,39.6,7.08,0,396,913.32,176,1309.32
6/16/2023,P001,S01,20,0,0,113,15,37.92,20.76,54.14,0,2345.88,812.1,153,3157.98
6/17/2023,P001,S01,26,0,0,100,14,13.43,11,10.22,0,1100,143.08,146,1243.08
6/18/2023,P001,S01,21,1,0,98,14,43.62,28.33,45.9,0,2776.34,642.6,141,3418.94
6/19/2023,P001,S01,23,1,0,51,63,41.86,20.18,19.74,0,1029.18,1243.62,161,2272.8
6/20/2023,P001,S01,26,1,0,103,56,29.34,19.42,12.48,0,2000.26,698.88,193,2699.14
6/21/2023,P001,S01,22,0,0,59,18,36.96,57.91,27.55,0,3416.69,495.9,114,3912.59
6/22/2023,P001,S01,24,0,0,44,108,19.15,40.05,37.55,0,1762.2,4055.4,166,5817.6
6/23/2023,P001,S01,30,0,0,56,29,26.2,36.96,24.67,0,2069.76,715.43,115,2785.19
6/24/2023,P001,S01,23,1,0,20,131,41.97,29.62,8.67,0,592.4,1135.77,178,1728.17
6/25/2023,P001,S01,29,0,1,17,70,25.67,30.31,35.37,25.67,515.27,2475.9,103,3016.84
6/26/2023,P001,S01,21,0,0,118,132,21.1,36.13,50.22,0,4263.34,6629.04,288,10892.38
6/27/2023,P001,S01,27,1,0,110,91,27.24,44.21,24.78,0,4863.1,2254.98,229,7118.08
6/28/2023,P001,S01,31,0,0,34,71,42.27,44.51,16.6,0,1513.34,1178.6,147,2691.94
6/29/2023,P001,S01,15,0,1,23,12,20.08,16.93,27.69,20.08,389.39,332.28,46,741.75
6/30/2023,P001,S01,21,0,0,21,22,12.82,34.01,8.37,0,714.21,184.14,55,898.35
7/1/2023,P001,S01,27,0,0,67,129,37.04,29.42,46.2,0,1971.14,5959.8,226,7930.94
7/2/2023,P001,S01,24,0,0,23,134,42.17,53.27,46.49,0,1225.21,6229.66,201,7454.87
7/3/2023,P001,S01,26,0,0,96,98,9.53,40.83,34.81,0,3919.68,3411.38,243,7331.06
7/4/2023,P001,S01,22,0,0,62,82,15.79,35.69,23.3,0,2212.78,1910.6,156,4123.38
7/5/2023,P001,S01,24,0,0,59,77,11.39,14,45.19,0,826,3479.63,170,4305.63
7/6/2023,P001,S01,23,1,0,94,110,20.66,39.49,33.18,0,3712.06,3649.8,251,7361.86
7/7/2023,P001,S01,29,0,1,105,107,25.27,14.09,46.47,25.27,1479.45,4972.29,242,6477.01
7/8/2023,P001,S01,25,0,0,94,20,38.7,25.53,36.94,0,2399.82,738.8,157,3138.62
7/9/2023,P001,S01,25,0,0,66,114,34.3,15.43,44.44,0,1018.38,5066.16,210,6084.54
7/10/2023,P001,S01,22,1,0,27,76,32.94,43.99,35.33,0,1187.73,2685.08,135,3872.81
7/11/2023,P001,S01,21,0,0,13,132,20.86,18.73,26.29,0,243.49,3470.28,160,3713.77
7/12/2023,P001,S01,22,0,0,16,38,42.87,28.38,52.94,0,454.08,2011.72,76,2465.8
7/13/2023,P001,S01,25,1,0,5,146,26.21,54.58,32.51,0,272.9,4746.46,183,5019.36
7/14/2023,P001,S01,21,1,0,62,85,49.06,18.62,35.65,0,1154.44,3030.25,165,4184.69
7/15/2023,P001,S01,24,0,0,5,18,33.54,34.41,16.8,0,172.05,302.4,49,474.45
7/16/2023,P001,S01,31,1,1,115,49,10.68,29.8,36.66,10.68,3427,1796.34,176,5234.02
7/17/2023,P001,S01,26,0,0,38,34,35.43,8.94,34.01,0,339.72,1156.34,100,1496.06
7/18/2023,P001,S01,21,0,0,100,14,19.63,49.22,15.06,0,4922,210.84,142,5132.84
7/19/2023,P001,S01,27,0,1,52,148,35.88,11.59,8.92,35.88,602.68,1320.16,217,1958.72
7/20/2023,P001,S01,21,0,0,93,133,8.13,32.66,35.61,0,3037.38,4736.13,255,7773.51
7/21/2023,P001,S01,14,1,0,108,47,12.87,37.16,43.42,0,4013.28,2040.74,173,6054.02
7/22/2023,P001,S01,18,0,0,113,81,43.51,40.68,31.65,0,4596.84,2563.65,220,7160.49
7/23/2023,P001,S01,14,0,0,5,142,15.22,43.81,17.11,0,219.05,2429.62,183,2648.67
7/24/2023,P001,S01,20,1,0,20,99,42.67,21.17,38.66,0,423.4,3827.34,130,4250.74
7/25/2023,P001,S01,22,1,0,65,46,17.57,8.52,9.93,0,553.8,456.78,156,1010.58
7/26/2023,P001,S01,28,0,0,107,69,33.93,45.62,27.65,0,4881.34,1907.85,204,6789.19
7/27/2023,P001,S01,23,0,0,68,37,36.24,35.85,14,0,2437.8,518,131,2955.8
7/28/2023,P001,S01,21,0,0,67,90,28.07,51.48,15.04,0,3449.16,1353.6,171,4802.76
7/29/2023,P001,S01,25,1,0,73,123,18.74,50.71,15.91,0,3701.83,1956.93,244,5658.76
7/30/2023,P001,S01,12,0,0,26,49,14.57,51.85,24.95,0,1348.1,1222.55,102,2570.65
7/31/2023,P001,S01,22,1,1,97,54,6.49,33.22,8.51,6.49,3222.34,459.54,168,3688.37
8/1/2023,P001,S01,24,0,0,71,71,18.68,25.35,25.49,0,1799.85,1809.79,168,3609.64
8/2/2023,P001,S01,15,0,0,80,102,34.39,49.16,31.07,0,3932.8,3169.14,230,7101.94
8/3/2023,P001,S01,25,0,0,30,124,47.22,31.47,29.68,0,944.1,3680.32,199,4624.42
8/4/2023,P001,S01,22,0,0,20,76,44.2,17.54,24.76,0,350.8,1881.76,145,2232.56
8/5/2023,P001,S01,19,0,1,55,65,39.47,52.46,47.12,39.47,2885.3,3062.8,134,5987.57
8/6/2023,P001,S01,23,1,0,105,49,40.48,53.89,13.12,0,5658.45,642.88,201,6301.33
8/7/2023,P001,S01,29,0,0,90,107,34.92,32.25,30.78,0,2902.5,3293.46,231,6195.96
8/8/2023,P001,S01,21,0,0,61,49,16.71,11.94,9.04,0,728.34,442.96,124,1171.3
8/9/2023,P001,S01,21,1,0,33,100,45.82,28.17,9.49,0,929.61,949,172,1878.61
8/10/2023,P001,S01,18,0,0,82,42,35.18,49.78,34.12,0,4081.96,1433.04,145,5515
8/11/2023,P001,S01,17,1,1,96,15,30.22,54.89,33.73,30.22,5269.44,505.95,125,5805.61
8/12/2023,P001,S01,23,0,0,73,89,9.99,18.58,49.02,0,1356.34,4362.78,195,5719.12
8/13/2023,P001,S01,16,0,0,51,101,25.12,11.48,33.34,0,585.48,3367.34,190,3952.82
8/14/2023,P001,S01,20,0,0,117,106,25.72,53.62,53.03,0,6273.54,5621.18,241,11894.72
8/15/2023,P001,S01,18,0,0,98,68,43.91,28.25,8.39,0,2768.5,570.52,179,3339.02
8/16/2023,P001,S01,21,1,0,114,68,29.6,36.17,10.8,0,4123.38,734.4,215,4857.78
8/17/2023,P001,S01,21,0,0,66,57,22.12,58.34,8.16,0,3850.44,465.12,146,4315.56
8/18/2023,P001,S01,24,0,0,73,22,48.96,11.46,15.08,0,836.58,331.76,109,1168.34
8/19/2023,P001,S01,17,0,0,80,116,9.98,41.71,32.52,0,3336.8,3772.32,223,7109.12
8/20/2023,P001,S01,18,0,0,20,54,24.01,11.85,37.63,0,237,2032.02,102,2269.02
8/21/2023,P001,S01,15,1,0,94,98,6.89,27.52,8.23,0,2586.88,806.54,213,3393.42
8/22/2023,P001,S01,17,0,0,94,109,38.3,49.8,52.35,0,4681.2,5706.15,230,10387.35
8/23/2023,P001,S01,21,0,0,52,16,46.31,30.54,47.27,0,1588.08,756.32,94,2344.4
8/24/2023,P001,S01,22,1,0,89,142,17.6,59.85,20.53,0,5326.65,2915.26,270,8241.91
8/25/2023,P001,S01,15,0,0,43,54,43.63,37.07,9.78,0,1594.01,528.12,130,2122.13
8/26/2023,P001,S01,22,1,0,104,67,18.15,24.7,14.32,0,2568.8,959.44,191,3528.24
8/27/2023,P001,S01,24,0,0,37,40,45.98,19.45,12.22,0,719.65,488.8,121,1208.45
8/28/2023,P001,S01,20,0,0,98,32,38.93,26.23,12.04,0,2570.54,385.28,162,2955.82
8/29/2023,P001,S01,26,0,0,105,147,41.22,27.37,31.41,0,2873.85,4617.27,278,7491.12
8/30/2023,P001,S01,15,1,0,27,116,5.81,11.57,18.05,0,312.39,2093.8,153,2406.19
8/31/2023,P001,S01,13,1,0,14,48,48.33,27.22,23.55,0,381.08,1130.4,86,1511.48
9/1/2023,P001,S01,11,0,0,73,91,37.7,32.14,54.49,0,2346.22,4958.59,205,7304.81
9/2/2023,P001,S01,24,0,0,104,109,18.71,45.58,39.53,0,4740.32,4308.77,231,9049.09
9/3/2023,P001,S01,21,0,0,38,11,42.32,42.15,52.5,0,1601.7,577.5,73,2179.2
9/4/2023,P001,S01,18,0,0,56,86,17.67,44.86,12.99,0,2512.16,1117.14,179,3629.3
9/5/2023,P001,S01,19,0,0,99,21,44.27,8.43,24.72,0,834.57,519.12,153,1353.69
9/6/2023,P001,S01,14,1,1,14,48,10.07,19.32,33.18,10.07,270.48,1592.64,107,1873.19
9/7/2023,P001,S01,28,0,0,23,22,36.67,42.41,9.76,0,975.43,214.72,76,1190.15
9/8/2023,P001,S01,19,0,0,62,55,29.33,33.17,6.21,0,2056.54,341.55,153,2398.09
9/9/2023,P001,S01,18,0,0,100,122,9.34,8.28,38.85,0,828,4739.7,250,5567.7
9/10/2023,P001,S01,21,0,1,5,26,15.89,49.83,37.45,15.89,249.15,973.7,53,1238.74
9/11/2023,P001,S01,20,0,0,73,113,5.56,48.19,26.13,0,3517.87,2952.69,215,6470.56
9/12/2023,P001,S01,19,0,0,113,107,26.09,36.52,29.99,0,4126.76,3208.93,230,7335.69
9/13/2023,P001,S01,15,1,0,8,97,18.56,11.46,26.36,0,91.68,2556.92,135,2648.6
9/14/2023,P001,S01,20,0,0,20,118,31.93,47.86,7.18,0,957.2,847.24,148,1804.44
9/15/2023,P001,S01,25,0,0,28,79,18.38,38.35,22.43,0,1073.8,1771.97,126,2845.77
9/16/2023,P001,S01,23,0,0,84,83,18.5,48.66,14.68,0,4087.44,1218.44,208,5305.88
9/17/2023,P001,S01,24,1,0,6,72,38.44,47.09,10.82,0,282.54,779.04,126,1061.58
9/18/2023,P001,S01,16,1,0,117,69,7.17,49.76,52.88,0,5821.92,3648.72,217,9470.64
9/19/2023,P001,S01,14,0,1,96,88,45.63,34.94,35.37,45.63,3354.24,3112.56,212,6512.43
9/20/2023,P001,S01,17,1,0,36,46,43.35,15.3,41.7,0,550.8,1918.2,123,2469
9/21/2023,P001,S01,18,0,0,95,31,35.05,42.9,21.45,0,4075.5,664.95,162,4740.45
9/22/2023,P001,S01,22,0,0,88,105,31.69,40.26,25.26,0,3542.88,2652.3,230,6195.18
9/23/2023,P001,S01,11,0,0,28,77,45.15,46.6,17.61,0,1304.8,1355.97,132,2660.77
9/24/2023,P001,S01,24,0,0,16,26,13.34,16.83,10.75,0,269.28,279.5,90,548.78
9/25/2023,P001,S01,17,0,0,54,21,8.55,18.14,14.77,0,979.56,310.17,113,1289.73
9/26/2023,P001,S01,16,1,0,39,147,15.78,54.3,45.08,0,2117.7,6626.76,213,8744.46
9/27/2023,P001,S01,13,1,0,37,127,40.76,47,39.2,0,1739,4978.4,181,6717.4
9/28/2023,P001,S01,11,0,0,37,31,6.56,55.23,32.8,0,2043.51,1016.8,108,3060.31
9/29/2023,P001,S01,21,0,0,65,129,31.23,47.45,29.28,0,3084.25,3777.12,237,6861.37
9/30/2023,P001,S01,18,0,0,55,59,49.79,39.05,51.2,0,2147.75,3020.8,130,5168.55
10/1/2023,P001,S01,12,0,0,47,23,43.51,42.01,9.56,0,1974.47,219.88,115,2194.35
10/2/2023,P001,S01,12,0,0,105,38,28.47,54.23,19.75,0,5694.15,750.5,170,6444.65
10/3/2023,P001,S01,16,0,0,16,134,7.86,38.1,23.15,0,609.6,3102.1,197,3711.7
10/4/2023,P001,S01,24,0,1,71,16,42.41,40.88,44.34,42.41,2902.48,709.44,106,3654.33
10/5/2023,P001,S01,16,1,0,69,38,31.95,16.14,54.63,0,1113.66,2075.94,125,3189.6
10/6/2023,P001,S01,12,0,0,37,148,10.17,32.64,17.79,0,1207.68,2632.92,202,3840.6
10/7/2023,P001,S01,17,0,0,44,42,9.22,45.25,48.84,0,1991,2051.28,130,4042.28
10/8/2023,P001,S01,16,1,0,78,143,45.93,22.09,46.7,0,1723.02,6678.1,248,8401.12
10/9/2023,P001,S01,7,0,0,47,120,35.11,18.52,17.01,0,870.44,2041.2,181,2911.64
10/10/2023,P001,S01,17,0,0,48,88,42.32,24.32,25.57,0,1167.36,2250.16,159,3417.52
10/11/2023,P001,S01,17,0,0,33,67,44.55,20.56,26.07,0,678.48,1746.69,137,2425.17
10/12/2023,P001,S01,20,0,0,17,35,30.73,19.18,53.93,0,326.06,1887.55,91,2213.61
10/13/2023,P001,S01,25,1,0,16,38,28.29,30.09,14.86,0,481.44,564.68,67,1046.12
10/14/2023,P001,S01,22,0,1,99,13,24.37,55.21,45.16,24.37,5465.79,587.08,161,6077.24
10/15/2023,P001,S01,17,0,0,50,108,19.26,34.37,22.38,0,1718.5,2417.04,187,4135.54
10/16/2023,P001,S01,13,1,0,6,48,24.56,17.77,41.81,0,106.62,2006.88,88,2113.5
10/17/2023,P001,S01,28,1,0,119,24,39.82,12,26.58,0,1428,637.92,180,2065.92
10/18/2023,P001,S01,18,1,0,118,128,32.09,44.2,34.34,0,5215.6,4395.52,267,9611.12
10/19/2023,P001,S01,18,0,0,39,38,45.16,27.91,46.8,0,1088.49,1778.4,88,2866.89
10/20/2023,P001,S01,18,0,0,91,84,24.95,50.74,45.4,0,4617.34,3813.6,198,8430.94
10/21/2023,P001,S01,19,1,0,85,125,32.32,42.29,48.45,0,3594.65,6056.25,241,9650.9
10/22/2023,P001,S01,17,1,0,94,41,33.41,49.4,8.92,0,4643.6,365.72,175,5009.32
10/23/2023,P001,S01,16,0,0,12,139,31.63,22.14,39.91,0,265.68,5547.49,183,5813.17
10/24/2023,P001,S01,16,0,0,97,93,36.62,44,12.86,0,4268,1195.98,219,5463.98
10/25/2023,P001,S01,18,0,0,30,31,15.68,21.73,26.38,0,651.9,817.78,108,1469.68
10/26/2023,P001,S01,16,1,0,78,36,28.06,56.83,32.88,0,4432.74,1183.68,127,5616.42
10/27/2023,P001,S01,15,0,0,94,90,9.69,41.09,25.73,0,3862.46,2315.7,208,6178.16
10/28/2023,P001,S01,19,0,0,38,135,22.3,24.87,31.46,0,945.06,4247.1,206,5192.16
10/29/2023,P001,S01,17,0,0,119,101,26.95,22.01,54.83,0,2619.19,5537.83,254,8157.02
10/30/2023,P001,S01,24,0,0,109,30,34.35,17.93,12.63,0,1954.37,378.9,149,2333.27
10/31/2023,P001,S01,8,1,0,11,56,47.77,44.12,39.1,0,485.32,2189.6,83,2674.92
11/1/2023,P001,S01,23,0,0,72,110,32.03,19.37,25.4,0,1394.64,2794,222,4188.64
11/2/2023,P001,S01,24,1,0,62,93,38.46,38.96,12.52,0,2415.52,1164.36,176,3579.88
11/3/2023,P001,S01,10,1,0,118,15,27.78,21.76,13.78,0,2567.68,206.7,147,2774.38
11/4/2023,P001,S01,17,0,0,113,140,33.53,42.42,52.51,0,4793.46,7351.4,300,12144.86
11/5/2023,P001,S01,17,0,0,79,10,8.19,50.38,49.1,0,3980.02,491,110,4471.02
11/6/2023,P001,S01,13,0,0,33,67,16.45,48.46,50.45,0,1599.18,3380.15,148,4979.33
11/7/2023,P001,S01,16,1,0,40,133,21.28,47.56,54.59,0,1902.4,7260.47,200,9162.87
11/8/2023,P001,S01,15,0,1,93,24,26.26,17.76,16.21,26.26,1651.68,389.04,129,2066.98
11/9/2023,P001,S01,26,0,1,25,73,7.05,12.6,23.42,7.05,315,1709.66,118,2031.71
11/10/2023,P001,S01,23,1,0,40,34,11.3,44.35,38.79,0,1774,1318.86,98,3092.86
11/11/2023,P001,S01,24,0,0,14,33,17.46,27.15,29.71,0,380.1,980.43,86,1360.53
11/12/2023,P001,S01,22,1,0,105,21,48.72,30.48,26.5,0,3200.4,556.5,152,3756.9
11/13/2023,P001,S01,15,0,1,77,27,19.91,9.62,23.53,19.91,740.74,635.31,118,1395.96
11/14/2023,P001,S01,17,0,0,28,24,26.69,21.5,35.1,0,602,842.4,68,1444.4
11/15/2023,P001,S01,21,0,0,68,36,13.82,9.75,34.2,0,663,1231.2,144,1894.2
11/16/2023,P001,S01,15,1,0,103,81,32.49,53.72,13.91,0,5533.16,1126.71,232,6659.87
11/17/2023,P001,S01,23,0,0,53,69,17.63,20.66,29.12,0,1094.98,2009.28,165,3104.26
11/18/2023,P001,S01,19,1,0,103,102,14.31,36.98,33.12,0,3808.94,3378.24,220,7187.18
11/19/2023,P001,S01,18,1,0,116,62,28.25,10.03,33.94,0,1163.48,2104.28,225,3267.76
11/20/2023,P001,S01,23,0,0,40,17,5.25,42.68,16.3,0,1707.2,277.1,100,1984.3
11/21/2023,P001,S01,22,1,0,86,88,5.34,24.8,42.37,0,2132.8,3728.56,198,5861.36
11/22/2023,P001,S01,19,0,0,117,36,14.86,54.69,7.23,0,6398.73,260.28,176,6659.01
11/23/2023,P001,S01,25,0,0,107,59,6.65,54.18,23.39,0,5797.26,1380.01,181,7177.27
11/24/2023,P001,S01,16,0,0,100,140,9.86,24.92,44.23,0,2492,6192.2,286,8684.2
11/25/2023,P001,S01,23,1,0,28,102,20.25,54.85,33.63,0,1535.8,3430.26,171,4966.06
11/26/2023,P001,S01,23,0,0,27,33,41.12,59.8,18.8,0,1614.6,620.4,72,2235
11/27/2023,P001,S01,19,0,0,66,69,30.74,50.92,40.05,0,3360.72,2763.45,147,6124.17
11/28/2023,P001,S01,22,0,0,100,131,28.07,51.93,33.8,0,5193,4427.8,262,9620.8
11/29/2023,P001,S01,16,0,0,41,140,18.21,20.95,45.02,0,858.95,6302.8,212,7161.75
11/30/2023,P001,S01,25,0,0,16,55,46.93,37.99,42.02,0,607.84,2311.1,90,2918.94
12/1/2023,P001,S01,20,1,0,117,24,22.87,11.5,35.9,0,1345.5,861.6,153,2207.1
12/2/2023,P001,S01,19,1,0,59,26,8.92,12.94,29.92,0,763.46,777.92,106,1541.38
12/3/2023,P001,S01,25,0,0,17,135,32.77,59.94,12.53,0,1018.98,1691.55,190,2710.53
12/4/2023,P001,S01,19,1,0,27,93,10.12,24.99,18.81,0,674.73,1749.33,146,2424.06
12/5/2023,P001,S01,16,0,0,93,18,20.54,46.91,26.54,0,4362.63,477.72,127,4840.35
12/6/2023,P001,S01,15,1,0,103,72,27.83,49.95,35.37,0,5144.85,2546.64,197,7691.49
12/7/2023,P001,S01,24,0,0,109,126,44.34,52.62,31.17,0,5735.58,3927.42,246,9663
12/8/2023,P001,S01,17,0,0,34,139,27.21,59.88,20.12,0,2035.92,2796.68,186,4832.6
12/9/2023,P001,S01,29,0,0,21,97,36.6,20.56,6.32,0,431.76,613.04,137,1044.8
12/10/2023,P001,S01,14,1,0,117,81,49.68,10.1,30.32,0,1181.7,2455.92,246,3637.62
12/11/2023,P001,S01,29,0,0,66,148,10.92,29.38,20,0,1939.08,2960,247,4899.08
12/12/2023,P001,S01,23,0,0,88,73,17.36,14.76,42,0,1298.88,3066,187,4364.88
12/13/2023,P001,S01,22,0,0,116,81,22.76,9.17,7.17,0,1063.72,580.77,212,1644.49
12/14/2023,P001,S01,20,0,0,93,30,23.98,26.74,34.66,0,2486.82,1039.8,151,3526.62
12/15/2023,P001,S01,24,0,0,90,27,23.5,48.75,52.13,0,4387.5,1407.51,131,5795.01
12/16/2023,P001,S01,23,1,0,17,73,45.84,37.44,14.55,0,636.48,1062.15,131,1698.63
12/17/2023,P001,S01,27,1,0,63,91,37.13,24.26,29.11,0,1528.38,2649.01,173,4177.39
12/18/2023,P001,S01,23,0,0,23,119,32.36,42.03,10.48,0,966.69,1247.12,160,2213.81
12/19/2023,P001,S01,24,1,0,53,104,18.92,20.06,36.66,0,1063.18,3812.64,193,4875.82
12/20/2023,P001,S01,22,0,0,104,41,42.07,8.75,32.98,0,910,1352.18,167,2262.18
12/21/2023,P001,S01,23,1,0,16,20,47.98,47.75,25.96,0,764,519.2,64,1283.2
12/22/2023,P001,S01,25,1,0,65,54,41.95,40.43,31.55,0,2627.95,1703.7,149,4331.65
12/23/2023,P001,S01,17,0,0,109,42,5.07,47.64,49.93,0,5192.76,2097.06,184,7289.82
12/24/2023,P001,S01,18,1,1,23,111,33.64,10.02,15.62,33.64,230.46,1733.82,182,1997.92
12/25/2023,P001,S01,27,0,0,80,145,7.3,51.53,7.11,0,4122.4,1030.95,238,5153.35
12/26/2023,P001,S01,25,0,0,13,20,16.59,40.22,48.22,0,522.86,964.4,66,1487.26
12/27/2023,P001,S01,23,1,0,75,97,7.68,37.3,34.28,0,2797.5,3325.16,216,6122.66
12/28/2023,P001,S01,24,0,0,32,50,32.17,40.48,49.64,0,1295.36,2482,94,3777.36
12/29/2023,P001,S01,26,0,0,82,85,35.9,52.95,35.25,0,4341.9,2996.25,180,7338.15
12/30/2023,P001,S01,22,0,0,99,130,10.15,38.52,45.7,0,3813.48,5941,275,9754.48
12/31/2023,P001,S01,21,1,0,56,55,22.27,38.21,27.05,0,2139.76,1487.75,160,3627.51
1/1/2024,P001,S01,25,0,0,87,89,25.53,59.52,42.74,0,5178.24,3803.86,220,8982.1
1/2/2024,P001,S01,21,0,0,115,63,21.61,47.35,50.74,0,5445.25,3196.62,218,8641.87
1/3/2024,P001,S01,26,1,0,20,95,10.45,31,34.03,0,620,3232.85,149,3852.85
1/4/2024,P001,S01,18,1,0,73,101,23.85,44.78,14.86,0,3268.94,1500.86,223,4769.8
1/5/2024,P001,S01,29,0,0,103,106,38.8,28.24,19.17,0,2908.72,2032.02,231,4940.74
1/6/2024,P001,S01,27,0,0,16,11,8.2,19.9,15.73,0,318.4,173.03,40,491.43
1/7/2024,P001,S01,26,0,0,29,42,8.61,39.04,18.1,0,1132.16,760.2,94,1892.36
1/8/2024,P001,S01,29,0,0,56,86,20.96,56.27,21.01,0,3151.12,1806.86,164,4957.98
1/9/2024,P001,S01,32,0,0,89,125,47.38,56.32,33.2,0,5012.48,4150,250,9162.48
1/10/2024,P001,S01,30,1,0,104,112,35.09,25.78,34.81,0,2681.12,3898.72,231,6579.84
1/11/2024,P001,S01,18,0,0,57,112,35.54,35.44,26.9,0,2020.08,3012.8,195,5032.88
1/12/2024,P001,S01,21,0,0,27,99,21.29,19.01,36.16,0,513.27,3579.84,171,4093.11
1/13/2024,P001,S01,24,0,0,20,131,31.71,59.77,10,0,1195.4,1310,200,2505.4
1/14/2024,P001,S01,26,1,0,61,115,5.46,59.02,10.3,0,3600.22,1184.5,220,4784.72
1/15/2024,P001,S01,28,0,0,43,128,33.62,41.77,14.42,0,1796.11,1845.76,197,3641.87
1/16/2024,P001,S01,24,1,0,113,58,46.1,49.83,31.39,0,5630.79,1820.62,182,7451.41
1/17/2024,P001,S01,27,0,0,57,113,32.57,45.19,16.49,0,2575.83,1863.37,192,4439.2
1/18/2024,P001,S01,24,0,0,46,70,44.32,38.84,19.88,0,1786.64,1391.6,127,3178.24
1/19/2024,P001,S01,24,0,0,62,132,37.58,10.77,25.62,0,667.74,3381.84,231,4049.58
1/20/2024,P001,S01,21,0,0,43,143,10.43,31.65,45.78,0,1360.95,6546.54,221,7907.49
1/21/2024,P001,S01,23,0,0,18,18,45.61,43.09,6.68,0,775.62,120.24,67,895.86
1/22/2024,P001,S01,22,0,0,99,15,7.99,43.23,37.82,0,4279.77,567.3,126,4847.07
1/23/2024,P001,S01,23,0,0,9,82,29.03,27.4,38.77,0,246.6,3179.14,135,3425.74
1/24/2024,P001,S01,32,1,0,39,112,11.4,56.97,45.13,0,2221.83,5054.56,172,7276.39
1/25/2024,P001,S01,24,0,0,91,50,5.53,16.7,51.7,0,1519.7,2585,174,4104.7
1/26/2024,P001,S01,38,1,0,97,123,23.99,34.02,6.99,0,3299.94,859.77,234,4159.71
1/27/2024,P001,S01,30,0,0,111,17,18.28,43.93,13.54,0,4876.23,230.18,157,5106.41
1/28/2024,P001,S01,28,0,0,79,81,26.87,44.25,49.42,0,3495.75,4003.02,208,7498.77
1/29/2024,P001,S01,24,0,0,22,101,30.97,41.73,28.47,0,918.06,2875.47,171,3793.53
1/30/2024,P001,S01,31,0,0,115,71,6.97,22.31,33.66,0,2565.65,2389.86,208,4955.51
1/31/2024,P001,S01,26,0,0,80,93,10.54,16.12,38.49,0,1289.6,3579.57,194,4869.17
2/1/2024,P001,S01,29,0,0,13,71,30.14,41.07,39.27,0,533.91,2788.17,106,3322.08
2/2/2024,P001,S01,39,0,0,78,120,20.44,39.16,51.66,0,3054.48,6199.2,217,9253.68
2/3/2024,P001,S01,28,0,0,62,136,37.81,17.33,54.85,0,1074.46,7459.6,240,8534.06
2/4/2024,P001,S01,33,0,0,112,16,34.35,44.67,41.29,0,5003.04,660.64,177,5663.68
2/5/2024,P001,S01,26,1,0,21,93,43.05,31.67,20.07,0,665.07,1866.51,139,2531.58
2/6/2024,P001,S01,29,1,0,106,141,36.16,42.72,49.11,0,4528.32,6924.51,291,11452.83
2/7/2024,P001,S01,36,1,0,11,143,24.35,51.54,8.41,0,566.94,1202.63,166,1769.57
2/8/2024,P001,S01,26,1,0,50,67,35.28,16.83,17.32,0,841.5,1160.44,131,2001.94
2/9/2024,P001,S01,36,0,0,17,31,17.39,9,49.97,0,153,1549.07,83,1702.07
2/10/2024,P001,S01,32,0,0,44,136,18.78,48.51,18.55,0,2134.44,2522.8,200,4657.24
2/11/2024,P001,S01,27,1,0,46,12,40.5,39.7,16.81,0,1826.2,201.72,74,2027.92
2/12/2024,P001,S01,32,0,0,13,136,25.09,44.38,12.77,0,576.94,1736.72,168,2313.66
2/13/2024,P001,S01,33,0,1,54,50,40.93,51.58,48.1,40.93,2785.32,2405,148,5231.25
2/14/2024,P001,S01,32,0,0,31,115,42.01,49.75,30.5,0,1542.25,3507.5,158,5049.75
2/15/2024,P001,S01,23,0,0,70,23,43.59,57.97,39.07,0,4057.9,898.61,110,4956.51
2/16/2024,P001,S01,27,0,0,9,21,46.25,35.87,17.71,0,322.83,371.91,70,694.74
2/17/2024,P001,S01,29,1,0,33,96,24.39,33.4,43.14,0,1102.2,4141.44,149,5243.64
2/18/2024,P001,S01,29,0,0,41,21,19.35,28.9,43.24,0,1184.9,908.04,78,2092.94
2/19/2024,P001,S01,32,0,1,42,34,31.2,15.99,21.32,31.2,671.58,724.88,88,1427.66
2/20/2024,P001,S01,31,1,0,87,54,21.7,37.78,26.12,0,3286.86,1410.48,156,4697.34
2/21/2024,P001,S01,25,0,0,12,131,32.05,22.4,16.27,0,268.8,2131.37,184,2400.17
2/22/2024,P001,S01,32,0,0,116,64,36.75,55.91,53.85,0,6485.56,3446.4,209,9931.96
2/23/2024,P001,S01,33,0,0,113,109,35.98,38.33,37.63,0,4331.29,4101.67,265,8432.96
2/24/2024,P001,S01,32,1,0,69,145,21.85,38.83,51.79,0,2679.27,7509.55,239,10188.82
2/25/2024,P001,S01,35,1,0,90,128,12.51,26.46,20.87,0,2381.4,2671.36,252,5052.76
2/26/2024,P001,S01,34,0,1,21,62,24.37,10.7,44.31,24.37,224.7,2747.22,105,2996.29
2/27/2024,P001,S01,32,1,0,75,41,11.42,9.65,43.53,0,723.75,1784.73,132,2508.48
2/28/2024,P001,S01,30,0,0,93,60,45.05,30.01,39.89,0,2790.93,2393.4,201,5184.33
2/29/2024,P001,S01,24,1,0,49,53,20.56,12.4,53.32,0,607.6,2825.96,128,3433.56
3/1/2024,P001,S01,32,1,0,8,91,11.95,39.56,25.28,0,316.48,2300.48,119,2616.96
3/2/2024,P001,S01,31,1,0,40,46,6.15,53.81,12.41,0,2152.4,570.86,101,2723.26
3/3/2024,P001,S01,32,0,0,74,105,34.06,53.91,38.91,0,3989.34,4085.55,211,8074.89
3/4/2024,P001,S01,26,1,0,35,65,33.66,42.27,41.74,0,1479.45,2713.1,136,4192.55
3/5/2024,P001,S01,26,1,0,23,114,20.33,18.98,34.18,0,436.54,3896.52,152,4333.06
3/6/2024,P001,S01,35,0,0,65,68,8.23,52.88,16.13,0,3437.2,1096.84,180,4534.04
3/7/2024,P001,S01,31,1,0,112,140,23.43,54.08,30.72,0,6056.96,4300.8,263,10357.76
3/8/2024,P001,S01,34,0,0,58,44,19,18.23,21.3,0,1057.34,937.2,133,1994.54
3/9/2024,P001,S01,31,1,0,43,102,35.47,46.35,26.95,0,1993.05,2748.9,174,4741.95
3/10/2024,P001,S01,31,0,0,95,106,32.26,22.9,37.62,0,2175.5,3987.72,235,6163.22
3/11/2024,P001,S01,35,1,0,78,144,21.41,49.74,42.52,0,3879.72,6122.88,246,10002.6
3/12/2024,P001,S01,29,0,0,94,85,14.81,59.86,17.38,0,5626.84,1477.3,217,7104.14
3/13/2024,P001,S01,32,0,0,23,58,49.46,9.56,25.86,0,219.88,1499.88,98,1719.76
3/14/2024,P001,S01,29,0,0,43,103,25.43,54.66,19.19,0,2350.38,1976.57,192,4326.95
3/15/2024,P001,S01,29,0,0,71,33,35.97,40.38,15.73,0,2866.98,519.09,146,3386.07
3/16/2024,P001,S01,30,0,0,49,46,11.32,58.62,44.39,0,2872.38,2041.94,126,4914.32
3/17/2024,P001,S01,32,0,0,17,13,26.85,32.18,50.55,0,547.06,657.15,44,1204.21
3/18/2024,P001,S01,29,0,0,118,117,6.24,52.06,24.14,0,6143.08,2824.38,283,8967.46
3/19/2024,P001,S01,36,0,0,96,135,27.75,11.24,42.81,0,1079.04,5779.35,258,6858.39
3/20/2024,P001,S01,28,0,0,62,29,48.38,25.43,49.95,0,1576.66,1448.55,138,3025.21
3/21/2024,P001,S01,31,1,0,24,59,22.29,11.48,47.46,0,275.52,2800.14,129,3075.66
3/22/2024,P001,S01,30,0,0,96,105,6.75,58.72,14.96,0,5637.12,1570.8,240,7207.92
3/23/2024,P001,S01,37,1,0,76,114,6.39,50.48,52.86,0,3836.48,6026.04,230,9862.52
3/24/2024,P001,S01,32,1,0,65,126,22.46,52.33,24.46,0,3401.45,3081.96,210,6483.41
3/25/2024,P001,S01,36,0,0,109,107,12.2,56.77,22.62,0,6187.93,2420.34,240,8608.27
3/26/2024,P001,S01,26,0,0,43,75,6.05,12.43,9.06,0,534.49,679.5,145,1213.99
3/27/2024,P001,S01,33,1,0,5,88,39.03,28.05,29.82,0,140.25,2624.16,125,2764.41
3/28/2024,P001,S01,35,0,0,7,15,25.63,11.69,11.34,0,81.83,170.1,64,251.93
3/29/2024,P001,S01,32,0,0,81,48,18.02,18.96,18.18,0,1535.76,872.64,154,2408.4
3/30/2024,P001,S01,36,0,0,96,124,45.5,19.93,21.53,0,1913.28,2669.72,267,4583
3/31/2024,P001,S01,29,1,0,66,134,10.23,32.39,45.63,0,2137.74,6114.42,244,8252.16
4/1/2024,P001,S01,37,0,1,67,21,48.02,21.97,48.9,48.02,1471.99,1026.9,132,2546.91
4/2/2024,P001,S01,41,0,0,117,140,19.13,13.25,20.82,0,1550.25,2914.8,294,4465.05
4/3/2024,P001,S01,30,1,0,29,27,44.98,16.71,48.08,0,484.59,1298.16,67,1782.75
4/4/2024,P001,S01,30,1,0,60,49,32.13,15.66,48,0,939.6,2352,148,3291.6
4/5/2024,P001,S01,37,0,0,37,30,42.2,58.6,43.47,0,2168.2,1304.1,89,3472.3
4/6/2024,P001,S01,38,0,0,42,108,49.28,47.48,13.19,0,1994.16,1424.52,175,3418.68
4/7/2024,P001,S01,29,1,0,10,35,17.98,58.32,39.83,0,583.2,1394.05,59,1977.25
4/8/2024,P001,S01,30,0,0,62,17,48.25,30.87,52.31,0,1913.94,889.27,116,2803.21
4/9/2024,P001,S01,30,0,0,48,109,22.53,22.48,39.44,0,1079.04,4298.96,205,5378
4/10/2024,P001,S01,26,0,0,49,96,22.35,49.51,22.25,0,2425.99,2136,174,4561.99
4/11/2024,P001,S01,28,1,0,36,51,20.32,24.97,30.53,0,898.92,1557.03,120,2455.95
4/12/2024,P001,S01,27,0,0,49,23,29.36,23.57,37.64,0,1154.93,865.72,108,2020.65
4/13/2024,P001,S01,28,1,0,65,87,11.94,20.09,31.02,0,1305.85,2698.74,191,4004.59
4/14/2024,P001,S01,31,1,0,51,11,29.92,14.74,11.88,0,751.74,130.68,98,882.42
4/15/2024,P001,S01,32,0,0,25,128,29.38,21.34,21.29,0,533.5,2725.12,188,3258.62
4/16/2024,P001,S01,37,0,0,84,46,39.29,26.48,45.32,0,2224.32,2084.72,146,4309.04
4/17/2024,P001,S01,27,0,1,89,78,42.51,43.05,48.21,42.51,3831.45,3760.38,215,7634.34
4/18/2024,P001,S01,35,0,0,79,50,24.82,11.25,12.73,0,888.75,636.5,143,1525.25
4/19/2024,P001,S01,30,0,0,105,71,18.6,18.95,52.67,0,1989.75,3739.57,208,5729.32
4/20/2024,P001,S01,31,1,0,40,69,16.67,50.07,22.11,0,2002.8,1525.59,146,3528.39
4/21/2024,P001,S01,34,0,0,103,134,13.76,15.64,38.45,0,1610.92,5152.3,280,6763.22
4/22/2024,P001,S01,27,1,0,23,120,7.59,25.82,42.84,0,593.86,5140.8,167,5734.66
4/23/2024,P001,S01,32,0,0,24,23,20.41,52.96,45.79,0,1271.04,1053.17,88,2324.21
4/24/2024,P001,S01,32,0,0,61,93,17.16,16.06,52.34,0,979.66,4867.62,189,5847.28
4/25/2024,P001,S01,33,0,0,22,139,48.49,12.3,21.33,0,270.6,2964.87,201,3235.47
4/26/2024,P001,S01,32,0,0,51,79,30.1,33.2,48.07,0,1693.2,3797.53,158,5490.73
4/27/2024,P001,S01,41,1,0,109,132,20.63,23.73,12.45,0,2586.57,1643.4,259,4229.97
4/28/2024,P001,S01,28,0,0,53,98,31.12,37.3,40.55,0,1976.9,3973.9,189,5950.8
4/29/2024,P001,S01,29,0,1,18,37,11.26,49.8,42.36,11.26,896.4,1567.32,104,2474.98
4/30/2024,P001,S01,28,0,0,19,75,24.98,15.13,39.21,0,287.47,2940.75,107,3228.22
5/1/2024,P001,S01,28,0,0,35,14,33.18,38.2,18.36,0,1337,257.04,61,1594.04
5/2/2024,P001,S01,28,0,0,5,54,27,34.29,48.78,0,171.45,2634.12,97,2805.57
5/3/2024,P001,S01,35,0,0,58,56,23.08,15.49,14.27,0,898.42,799.12,134,1697.54
5/4/2024,P001,S01,36,1,0,7,40,49.72,40.45,8.63,0,283.15,345.2,89,628.35
5/5/2024,P001,S01,28,0,0,20,148,44.61,22.23,41.16,0,444.6,6091.68,215,6536.28
5/6/2024,P001,S01,27,1,0,91,19,33.05,33.37,29.3,0,3036.67,556.7,130,3593.37
5/7/2024,P001,S01,32,0,0,61,127,30.62,12.28,47.61,0,749.08,6046.47,224,6795.55
5/8/2024,P001,S01,28,0,0,79,23,32.93,31.9,24.79,0,2520.1,570.17,144,3090.27
5/9/2024,P001,S01,33,0,0,16,89,14.06,23.94,14.25,0,383.04,1268.25,135,1651.29
5/10/2024,P001,S01,31,0,0,78,102,22.78,50.76,46.99,0,3959.28,4792.98,228,8752.26
5/11/2024,P001,S01,24,0,0,100,19,6.78,10.96,32.9,0,1096,625.1,159,1721.1
5/12/2024,P001,S01,36,0,0,20,85,26.4,29.77,15.27,0,595.4,1297.95,152,1893.35
5/13/2024,P001,S01,37,0,0,76,103,29.44,31.84,41.3,0,2419.84,4253.9,190,6673.74
5/14/2024,P001,S01,27,0,0,106,114,15.25,45.7,31.04,0,4844.2,3538.56,256,8382.76
5/15/2024,P001,S01,28,0,0,80,10,48.38,37.86,35.61,0,3028.8,356.1,135,3384.9
5/16/2024,P001,S01,31,1,0,28,142,45.93,42.7,28.58,0,1195.6,4058.36,190,5253.96
5/17/2024,P001,S01,31,0,0,32,29,37.5,48.41,46.61,0,1549.12,1351.69,88,2900.81
5/18/2024,P001,S01,32,0,0,12,17,29,52.83,46.65,0,633.96,793.05,39,1427.01
5/19/2024,P001,S01,37,0,0,96,10,44.15,24.32,40.76,0,2334.72,407.6,150,2742.32
5/20/2024,P001,S01,28,0,0,40,66,10.88,35.98,11.16,0,1439.2,736.56,150,2175.76
5/21/2024,P001,S01,26,0,0,94,73,40.57,51.69,47.1,0,4858.86,3438.3,207,8297.16
5/22/2024,P001,S01,23,0,0,12,127,10.62,59.45,38.88,0,713.4,4937.76,176,5651.16
5/23/2024,P001,S01,26,0,0,62,37,40.74,54.26,40.15,0,3364.12,1485.55,147,4849.67
5/24/2024,P001,S01,29,0,0,64,130,17.41,27.32,23.79,0,1748.48,3092.7,204,4841.18
5/25/2024,P001,S01,36,0,0,54,116,44.47,18.15,49.08,0,980.1,5693.28,204,6673.38
5/26/2024,P001,S01,26,0,0,32,58,47.48,33.45,41.54,0,1070.4,2409.32,137,3479.72
5/27/2024,P001,S01,29,0,0,96,129,11.7,46.57,11.52,0,4470.72,1486.08,254,5956.8
5/28/2024,P001,S01,28,0,0,105,53,25.82,33.61,25.98,0,3529.05,1376.94,170,4905.99
5/29/2024,P001,S01,33,0,1,45,65,49.14,33.13,49.43,49.14,1490.85,3212.95,122,4752.94
5/30/2024,P001,S01,38,1,1,104,120,26.75,51.59,8.31,26.75,5365.36,997.2,252,6389.31
5/31/2024,P001,S01,26,0,0,68,143,43.86,26.79,53.11,0,1821.72,7594.73,230,9416.45
6/1/2024,P001,S01,26,0,0,31,117,31.49,52.71,39.28,0,1634.01,4595.76,162,6229.77
6/2/2024,P001,S01,32,0,0,67,123,21.89,29.15,36.94,0,1953.05,4543.62,208,6496.67
6/3/2024,P001,S01,30,1,0,21,87,17.86,25.07,19.26,0,526.47,1675.62,119,2202.09
6/4/2024,P001,S01,35,0,0,77,139,14.15,31.61,18.19,0,2433.97,2528.41,259,4962.38
6/5/2024,P001,S01,30,0,0,37,46,39.28,47.65,52.16,0,1763.05,2399.36,130,4162.41
6/6/2024,P001,S01,26,0,1,88,29,22.39,14.55,20.62,22.39,1280.4,597.98,158,1900.77
6/7/2024,P001,S01,30,0,0,81,35,28.01,18.21,44,0,1475.01,1540,135,3015.01
6/8/2024,P001,S01,32,0,0,96,38,27.15,57.48,25.26,0,5518.08,959.88,155,6477.96
6/9/2024,P001,S01,30,0,0,116,10,30.98,17.13,12.82,0,1987.08,128.2,171,2115.28
6/10/2024,P001,S01,29,1,0,33,128,43.95,37.52,6.53,0,1238.16,835.84,191,2074
6/11/2024,P001,S01,31,0,1,17,44,49.13,38.12,32.67,49.13,648.04,1437.48,77,2134.65
6/12/2024,P001,S01,31,1,0,50,68,23.34,33.46,53.81,0,1673,3659.08,130,5332.08
6/13/2024,P001,S01,32,1,0,39,78,42.24,41.53,24.09,0,1619.67,1879.02,136,3498.69
6/14/2024,P001,S01,29,0,0,10,21,39.4,19.95,23.5,0,199.5,493.5,45,693
6/15/2024,P001,S01,26,0,0,86,29,30.81,36.74,22.86,0,3159.64,662.94,150,3822.58
6/16/2024,P001,S01,27,0,0,119,52,48.02,27.35,31.51,0,3254.65,1638.52,201,4893.17
6/17/2024,P001,S01,31,0,0,73,135,14.02,42.41,27.59,0,3095.93,3724.65,243,6820.58
6/18/2024,P001,S01,23,0,0,51,59,9.92,15.34,49.12,0,782.34,2898.08,157,3680.42
6/19/2024,P001,S01,27,1,0,29,38,43.43,37.69,30.77,0,1093.01,1169.26,102,2262.27
6/20/2024,P001,S01,24,1,0,70,48,24.76,17.63,30.88,0,1234.1,1482.24,135,2716.34
6/21/2024,P001,S01,26,0,0,14,47,43.11,22.49,12.78,0,314.86,600.66,75,915.52
6/22/2024,P001,S01,31,0,0,60,93,45.19,19.37,54.15,0,1162.2,5035.95,177,6198.15
6/23/2024,P001,S01,26,1,0,34,137,7.81,17.51,18.25,0,595.34,2500.25,196,3095.59
6/24/2024,P001,S01,25,1,0,118,135,44.76,50.94,9.59,0,6010.92,1294.65,263,7305.57
6/25/2024,P001,S01,20,1,0,113,54,25.17,22.86,38.49,0,2583.18,2078.46,192,4661.64
6/26/2024,P001,S01,28,0,0,9,61,27.97,56.21,35.17,0,505.89,2145.37,116,2651.26
6/27/2024,P001,S01,28,0,0,37,89,33.2,58.44,26.34,0,2162.28,2344.26,138,4506.54
6/28/2024,P001,S01,33,0,0,69,133,46.69,37.71,26.69,0,2601.99,3549.77,242,6151.76
6/29/2024,P001,S01,23,0,0,22,128,5.86,15.44,44.47,0,339.68,5692.16,172,6031.84
6/30/2024,P001,S01,25,0,0,100,17,26.46,27.48,15.59,0,2748,265.03,142,3013.03
7/1/2024,P001,S01,25,0,0,115,94,35.95,49.48,46.19,0,5690.2,4341.86,239,10032.06
7/2/2024,P001,S01,31,0,0,53,138,37.52,27.1,37.79,0,1436.3,5215.02,202,6651.32
7/3/2024,P001,S01,24,0,0,15,17,36.16,12.52,26.53,0,187.8,451.01,68,638.81
7/4/2024,P001,S01,25,0,0,89,105,11.05,36.95,28.44,0,3288.55,2986.2,241,6274.75
7/5/2024,P001,S01,26,0,1,30,111,18.47,51.95,18.58,18.47,1558.5,2062.38,177,3639.35
7/6/2024,P001,S01,25,0,0,67,14,21.14,49.39,42.85,0,3309.13,599.9,128,3909.03
7/7/2024,P001,S01,22,0,0,93,95,41.2,17.11,31.13,0,1591.23,2957.35,222,4548.58
7/8/2024,P001,S01,24,0,0,90,43,17.54,42.98,21.72,0,3868.2,933.96,153,4802.16
7/9/2024,P001,S01,28,1,0,63,64,14.48,19.47,35.21,0,1226.61,2253.44,144,3480.05
7/10/2024,P001,S01,19,0,0,31,128,48.09,19.35,54.79,0,599.85,7013.12,176,7612.97
7/11/2024,P001,S01,24,0,0,53,123,5.4,53.45,27.33,0,2832.85,3361.59,218,6194.44
7/12/2024,P001,S01,20,0,1,81,35,49.9,20.98,51.11,49.9,1699.38,1788.85,133,3538.13
7/13/2024,P001,S01,28,1,1,37,145,35.46,21.69,22.91,35.46,802.53,3321.95,230,4159.94
7/14/2024,P001,S01,17,0,0,102,56,42.28,8.03,8.68,0,819.06,486.08,188,1305.14
7/15/2024,P001,S01,21,0,0,109,122,18.26,53.27,16.01,0,5806.43,1953.22,248,7759.65
7/16/2024,P001,S01,24,0,0,103,85,5.64,49.21,26.52,0,5068.63,2254.2,218,7322.83
7/17/2024,P001,S01,29,0,1,5,81,38.2,40.62,16.76,38.2,203.1,1357.56,116,1598.86
7/18/2024,P001,S01,22,0,1,25,98,42.54,47.01,6.01,42.54,1175.25,588.98,141,1806.77
7/19/2024,P001,S01,20,0,0,116,55,38.32,15.91,50.84,0,1845.56,2796.2,211,4641.76
7/20/2024,P001,S01,30,1,0,59,42,11.43,31.83,47.35,0,1877.97,1988.7,139,3866.67
7/21/2024,P001,S01,16,0,0,10,10,38.9,26.26,42.37,0,262.6,423.7,38,686.3
7/22/2024,P001,S01,13,1,0,96,40,39.6,12.88,14.22,0,1236.48,568.8,160,1805.28
7/23/2024,P001,S01,24,1,0,85,62,34.63,33.28,11.9,0,2828.8,737.8,186,3566.6
7/24/2024,P001,S01,20,0,0,73,57,39.48,55.88,9.31,0,4079.24,530.67,165,4609.91
7/25/2024,P001,S01,18,1,0,99,78,43.07,10.08,41.48,0,997.92,3235.44,196,4233.36
7/26/2024,P001,S01,24,0,0,9,114,32.61,23.16,51.51,0,208.44,5872.14,161,6080.58
7/27/2024,P001,S01,22,0,0,106,99,8.99,18.79,27.1,0,1991.74,2682.9,230,4674.64
7/28/2024,P001,S01,19,0,1,7,72,26.94,20.38,11.84,26.94,142.66,852.48,125,1022.08
7/29/2024,P001,S01,16,0,0,57,82,8.49,55.24,31.11,0,3148.68,2551.02,168,5699.7
7/30/2024,P001,S01,25,0,0,27,98,23.34,32.34,23.09,0,873.18,2262.82,171,3136
7/31/2024,P001,S01,24,0,0,105,22,23.32,32.25,24.37,0,3386.25,536.14,158,3922.39
8/1/2024,P001,S01,20,0,0,57,82,7.97,47.55,36.45,0,2710.35,2988.9,155,5699.25
8/2/2024,P001,S01,28,0,0,41,86,20.7,16.03,41.22,0,657.23,3544.92,159,4202.15
8/3/2024,P001,S01,16,0,0,78,77,9.99,33.34,11.42,0,2600.52,879.34,204,3479.86
8/4/2024,P001,S01,14,0,0,78,107,41.37,30.36,7.74,0,2368.08,828.18,223,3196.26
8/5/2024,P001,S01,18,0,0,87,134,47.65,39.04,54.72,0,3396.48,7332.48,246,10728.96
8/6/2024,P001,S01,20,0,0,21,111,8.25,59.98,17.4,0,1259.58,1931.4,179,3190.98
8/7/2024,P001,S01,21,1,0,89,141,47.98,48.01,8.64,0,4272.89,1218.24,267,5491.13
8/8/2024,P001,S01,19,0,0,82,111,28.52,28.69,15.3,0,2352.58,1698.3,240,4050.88
8/9/2024,P001,S01,22,1,0,77,28,18.48,51.03,7.91,0,3929.31,221.48,145,4150.79
8/10/2024,P001,S01,15,0,0,114,91,8.46,16.88,25.2,0,1924.32,2293.2,228,4217.52
8/11/2024,P001,S01,26,0,0,5,32,27.53,9.58,45.32,0,47.9,1450.24,79,1498.14
8/12/2024,P001,S01,19,0,0,55,92,40.75,18.63,22.72,0,1024.65,2090.24,165,3114.89
8/13/2024,P001,S01,24,0,0,49,118,36.82,25.7,27.76,0,1259.3,3275.68,203,4534.98
8/14/2024,P001,S01,21,0,0,81,84,7.26,34.55,39.1,0,2798.55,3284.4,198,6082.95
8/15/2024,P001,S01,21,1,0,8,138,8.28,39.99,30.94,0,319.92,4269.72,168,4589.64
8/16/2024,P001,S01,22,0,0,66,97,23.13,55.35,48.21,0,3653.1,4676.37,198,8329.47
8/17/2024,P001,S01,21,1,0,69,63,18.29,34.51,48.44,0,2381.19,3051.72,170,5432.91
8/18/2024,P001,S01,22,1,0,117,98,15.46,34.07,6.49,0,3986.19,636.02,252,4622.21
8/19/2024,P001,S01,25,1,1,108,74,17.65,10.61,44.12,17.65,1145.88,3264.88,220,4428.41
8/20/2024,P001,S01,20,1,0,36,85,41.16,9.82,28.58,0,353.52,2429.3,138,2782.82
8/21/2024,P001,S01,22,0,0,38,69,46.82,36.66,54.45,0,1393.08,3757.05,139,5150.13
8/22/2024,P001,S01,19,0,0,96,102,23.23,30.79,29.68,0,2955.84,3027.36,236,5983.2
8/23/2024,P001,S01,25,0,0,99,58,45.77,51.64,54.36,0,5112.36,3152.88,171,8265.24
8/24/2024,P001,S01,16,0,0,76,44,19.47,16.36,42.97,0,1243.36,1890.68,136,3134.04
8/25/2024,P001,S01,26,0,0,43,111,26.44,9.3,18.18,0,399.9,2017.98,199,2417.88
8/26/2024,P001,S01,19,1,1,30,20,15.17,31.35,32.38,15.17,940.5,647.6,87,1603.27
8/27/2024,P001,S01,13,0,0,38,108,33.82,20.35,54.61,0,773.3,5897.88,157,6671.18
8/28/2024,P001,S01,19,0,0,58,119,49.05,10.58,48.02,0,613.64,5714.38,211,6328.02
8/29/2024,P001,S01,16,0,0,7,83,32.16,45.68,10.77,0,319.76,893.91,108,1213.67
8/30/2024,P001,S01,22,0,0,54,18,21.1,13.8,40.61,0,745.2,730.98,108,1476.18
8/31/2024,P001,S01,16,0,0,16,12,34.15,39.63,22.93,0,634.08,275.16,38,909.24
9/1/2024,P001,S01,17,1,0,69,94,10.53,22.61,6.34,0,1560.09,595.96,195,2156.05
9/2/2024,P001,S01,11,0,0,58,35,44.99,17.02,25.77,0,987.16,901.95,112,1889.11
9/3/2024,P001,S01,16,0,0,112,81,27.64,27.75,17.5,0,3108,1417.5,227,4525.5
9/4/2024,P001,S01,8,0,0,9,57,25.22,49.68,46.12,0,447.12,2628.84,78,3075.96
9/5/2024,P001,S01,12,0,0,98,126,31.36,28.39,22.53,0,2782.22,2838.78,239,5621
9/6/2024,P001,S01,21,0,0,98,21,33.12,47.04,46.55,0,4609.92,977.55,134,5587.47
9/7/2024,P001,S01,21,0,0,61,142,8.23,14.53,6.03,0,886.33,856.26,214,1742.59
9/8/2024,P001,S01,20,0,0,21,57,35.72,48.18,21.08,0,1011.78,1201.56,105,2213.34
9/9/2024,P001,S01,14,0,0,116,46,15.89,20.32,17.82,0,2357.12,819.72,194,3176.84
9/10/2024,P001,S01,18,0,0,51,53,37.13,43.22,17.44,0,2204.22,924.32,115,3128.54
9/11/2024,P001,S01,18,0,0,27,24,42.01,37.42,9.34,0,1010.34,224.16,72,1234.5
9/12/2024,P001,S01,13,0,0,83,52,41.18,56.32,15.17,0,4674.56,788.84,166,5463.4
9/13/2024,P001,S01,24,0,0,105,96,29.86,28.14,33.22,0,2954.7,3189.12,247,6143.82
9/14/2024,P001,S01,21,0,1,89,79,28.41,11.44,20.28,28.41,1018.16,1602.12,198,2648.69
9/15/2024,P001,S01,17,1,0,18,55,11.43,9,26.45,0,162,1454.75,121,1616.75
9/16/2024,P001,S01,18,0,0,70,117,39.89,51,24.47,0,3570,2862.99,220,6432.99
9/17/2024,P001,S01,19,0,0,79,132,17.21,35.29,48.92,0,2787.91,6457.44,240,9245.35
9/18/2024,P001,S01,9,0,1,55,30,27.35,48.31,50.36,27.35,2657.05,1510.8,96,4195.2
9/19/2024,P001,S01,17,0,0,107,116,17.79,20.19,30.15,0,2160.33,3497.4,233,5657.73
9/20/2024,P001,S01,15,0,0,42,89,11.02,25.94,22.18,0,1089.48,1974.02,157,3063.5
9/21/2024,P001,S01,14,0,0,68,56,33.33,9.57,11.23,0,650.76,628.88,134,1279.64
9/22/2024,P001,S01,16,1,0,102,126,7.44,58,52.72,0,5916,6642.72,267,12558.72
9/23/2024,P001,S01,25,0,0,42,133,38.69,42.73,8.95,0,1794.66,1190.35,187,2985.01
9/24/2024,P001,S01,20,0,1,54,34,19.29,56.53,20.58,19.29,3052.62,699.72,109,3771.63
9/25/2024,P001,S01,15,0,0,102,45,5.01,21.81,20.61,0,2224.62,927.45,180,3152.07
9/26/2024,P001,S01,20,0,0,86,60,28,39.8,21.7,0,3422.8,1302,177,4724.8
9/27/2024,P001,S01,23,0,1,34,24,7.11,43.28,14.05,7.11,1471.52,337.2,94,1815.83
9/28/2024,P001,S01,21,0,0,83,77,17.43,24.51,44.37,0,2034.33,3416.49,182,5450.82
9/29/2024,P001,S01,18,1,0,95,30,36.81,52.1,12,0,4949.5,360,135,5309.5
9/30/2024,P001,S01,15,0,0,55,28,7.82,57.25,37.11,0,3148.75,1039.08,116,4187.83
10/1/2024,P001,S01,20,0,0,67,43,42.77,54.01,12.07,0,3618.67,519.01,129,4137.68
10/2/2024,P001,S01,19,1,0,102,87,5.17,46.43,9.46,0,4735.86,823.02,233,5558.88
10/3/2024,P001,S01,21,0,0,56,134,16.11,22.43,50.56,0,1256.08,6775.04,223,8031.12
10/4/2024,P001,S01,20,1,0,42,126,38.34,22.64,15.32,0,950.88,1930.32,205,2881.2
10/5/2024,P001,S01,22,0,0,101,61,19.23,58.09,46.24,0,5867.09,2820.64,207,8687.73
10/6/2024,P001,S01,15,1,0,92,36,9.59,8.53,32.69,0,784.76,1176.84,153,1961.6
10/7/2024,P001,S01,23,0,0,83,44,21.21,45.23,9.81,0,3754.09,431.64,176,4185.73
10/8/2024,P001,S01,18,1,1,34,145,17.17,44.72,52.82,17.17,1520.48,7658.9,205,9196.55
10/9/2024,P001,S01,26,1,0,110,115,42.92,40.38,18.1,0,4441.8,2081.5,251,6523.3
10/10/2024,P001,S01,15,0,1,55,11,19.1,59.49,48.12,19.1,3271.95,529.32,91,3820.37
10/11/2024,P001,S01,25,1,0,85,86,40.5,24.22,14.27,0,2058.7,1227.22,196,3285.92
10/12/2024,P001,S01,18,0,0,9,141,45.13,25.68,47.84,0,231.12,6745.44,174,6976.56
10/13/2024,P001,S01,15,0,0,33,99,24.52,12.1,6.65,0,399.3,658.35,175,1057.65
10/14/2024,P001,S01,16,0,0,8,98,45.95,31.03,31.08,0,248.24,3045.84,126,3294.08
10/15/2024,P001,S01,16,0,0,14,103,21.98,21.57,43.7,0,301.98,4501.1,127,4803.08
10/16/2024,P001,S01,19,0,0,60,16,48.38,25.86,51.8,0,1551.6,828.8,100,2380.4
10/17/2024,P001,S01,20,0,0,21,104,9.02,51.4,50.55,0,1079.4,5257.2,160,6336.6
10/18/2024,P001,S01,16,0,0,78,117,35.92,56.65,46.16,0,4418.7,5400.72,208,9819.42
10/19/2024,P001,S01,18,1,0,21,83,27.22,17.66,49.52,0,370.86,4110.16,118,4481.02
10/20/2024,P001,S01,26,1,0,88,48,22.44,27.37,15.76,0,2408.56,756.48,180,3165.04
10/21/2024,P001,S01,25,0,0,92,80,33.47,56.29,19.93,0,5178.68,1594.4,194,6773.08
10/22/2024,P001,S01,20,0,0,73,65,36.67,11.21,20.16,0,818.33,1310.4,157,2128.73
10/23/2024,P001,S01,18,0,0,38,51,5.2,12.8,24.48,0,486.4,1248.48,109,1734.88
10/24/2024,P001,S01,19,0,0,10,45,12.51,16.47,25.27,0,164.7,1137.15,82,1301.85
10/25/2024,P001,S01,21,0,0,57,93,37.09,38.95,32.68,0,2220.15,3039.24,193,5259.39
10/26/2024,P001,S01,14,0,0,70,127,34.99,15.82,13.83,0,1107.4,1756.41,245,2863.81
10/27/2024,P001,S01,17,0,0,81,16,48.47,58.34,39.87,0,4725.54,637.92,129,5363.46
10/28/2024,P001,S01,12,1,0,111,63,39.25,31.23,14.21,0,3466.53,895.23,190,4361.76
10/29/2024,P001,S01,20,0,0,47,138,47.78,34.08,21.21,0,1601.76,2926.98,233,4528.74
10/30/2024,P001,S01,21,0,0,116,129,36.61,20.83,30.66,0,2416.28,3955.14,257,6371.42
10/31/2024,P001,S01,17,0,0,79,115,18.41,32.49,45.03,0,2566.71,5178.45,215,7745.16
11/1/2024,P001,S01,25,0,0,119,56,9.74,42.42,42.23,0,5047.98,2364.88,191,7412.86
11/2/2024,P001,S01,14,0,0,115,132,40.18,47.06,37.63,0,5411.9,4967.16,282,10379.06
11/3/2024,P001,S01,13,0,0,27,128,33.99,47.2,13.63,0,1274.4,1744.64,197,3019.04
11/4/2024,P001,S01,20,0,0,59,127,7.17,38.05,32.81,0,2244.95,4166.87,232,6411.82
11/5/2024,P001,S01,23,0,0,84,30,21.2,55.03,10.28,0,4622.52,308.4,138,4930.92
11/6/2024,P001,S01,26,1,0,99,146,48.06,50.51,24.49,0,5000.49,3575.54,256,8576.03
11/7/2024,P001,S01,17,1,0,79,35,27.52,47.37,26.26,0,3742.23,919.1,130,4661.33
11/8/2024,P001,S01,23,0,0,20,18,24.47,10.89,7.95,0,217.8,143.1,79,360.9
11/9/2024,P001,S01,19,0,0,12,24,25.6,8.36,19.43,0,100.32,466.32,49,566.64
11/10/2024,P001,S01,19,0,0,8,19,14.4,19.05,52.83,0,152.4,1003.77,56,1156.17
11/11/2024,P001,S01,23,0,0,108,131,21.59,42.5,52.73,0,4590,6907.63,284,11497.63
11/12/2024,P001,S01,22,0,0,8,130,21.64,29.38,23.26,0,235.04,3023.8,179,3258.84
11/13/2024,P001,S01,13,0,0,60,134,7.36,28.93,8.11,0,1735.8,1086.74,231,2822.54
11/14/2024,P001,S01,25,0,0,29,81,39.54,54,14.78,0,1566,1197.18,132,2763.18
11/15/2024,P001,S01,25,0,0,71,58,23.74,54.57,25.22,0,3874.47,1462.76,139,5337.23
11/16/2024,P001,S01,17,0,0,100,100,42,55.28,52.44,0,5528,5244,244,10772
11/17/2024,P001,S01,21,1,0,71,46,43.27,24.32,12.92,0,1726.72,594.32,156,2321.04
11/18/2024,P001,S01,22,1,0,31,77,14.54,43.93,43.41,0,1361.83,3342.57,153,4704.4
11/19/2024,P001,S01,21,1,0,97,59,34.58,22.12,11.33,0,2145.64,668.47,190,2814.11
11/20/2024,P001,S01,18,0,0,36,28,26.25,17.91,54.08,0,644.76,1514.24,89,2159
11/21/2024,P001,S01,17,1,0,54,109,44.61,17.6,24.7,0,950.4,2692.3,191,3642.7
11/22/2024,P001,S01,20,0,0,65,69,14.71,25.79,43.99,0,1676.35,3035.31,144,4711.66
11/23/2024,P001,S01,25,1,0,55,98,35.5,30.36,22.79,0,1669.8,2233.42,167,3903.22
11/24/2024,P001,S01,23,0,1,23,78,32.35,51.21,36.76,32.35,1177.83,2867.28,133,4077.46
11/25/2024,P001,S01,19,1,0,25,58,18.29,14.23,15.41,0,355.75,893.78,116,1249.53
11/26/2024,P001,S01,24,0,0,9,117,11.15,46.22,13.16,0,415.98,1539.72,172,1955.7
11/27/2024,P001,S01,9,1,0,86,128,34.32,35.64,51.97,0,3065.04,6652.16,259,9717.2
11/28/2024,P001,S01,25,1,0,96,46,38.24,22.97,50.96,0,2205.12,2344.16,187,4549.28
11/29/2024,P001,S01,14,0,0,46,20,19.2,33.63,49.49,0,1546.98,989.8,79,2536.78
11/30/2024,P001,S01,20,0,0,65,147,34.02,23.6,36.65,0,1534,5387.55,257,6921.55
12/1/2024,P001,S01,17,1,0,26,87,22.78,39,45.61,0,1014,3968.07,140,4982.07
12/2/2024,P001,S01,16,0,0,25,86,37.09,30.56,9.38,0,764,806.68,136,1570.68
12/3/2024,P001,S01,26,1,0,74,11,13.96,16.55,22.4,0,1224.7,246.4,112,1471.1
12/4/2024,P001,S01,20,0,0,5,73,45.06,14.06,21.37,0,70.3,1560.01,109,1630.31
12/5/2024,P001,S01,23,0,0,9,44,17.93,36.43,37.15,0,327.87,1634.6,64,1962.47
12/6/2024,P001,S01,22,0,0,109,16,21.55,54.93,23.44,0,5987.37,375.04,155,6362.41
12/7/2024,P001,S01,24,0,0,16,94,7.61,25.89,13.28,0,414.24,1248.32,155,1662.56
12/8/2024,P001,S01,22,1,0,94,76,10.02,46.12,35.23,0,4335.28,2677.48,218,7012.76
12/9/2024,P001,S01,17,0,0,50,51,28.21,42.25,45.9,0,2112.5,2340.9,149,4453.4
12/10/2024,P001,S01,26,0,0,38,127,17.04,56.44,24.72,0,2144.72,3139.44,203,5284.16
12/11/2024,P001,S01,20,0,1,53,134,42.6,50.69,12.48,42.6,2686.57,1672.32,223,4401.49
12/12/2024,P001,S01,16,0,0,82,33,5.66,37.46,15.64,0,3071.72,516.12,145,3587.84
12/13/2024,P001,S01,21,1,0,94,55,22.06,42.17,17.64,0,3963.98,970.2,175,4934.18
12/14/2024,P001,S01,29,1,0,49,28,20.18,54.72,20.69,0,2681.28,579.32,102,3260.6
12/15/2024,P001,S01,26,0,0,31,77,5.87,28.77,37.5,0,891.87,2887.5,148,3779.37
12/16/2024,P001,S01,21,1,0,77,111,10.6,24.99,35.45,0,1924.23,3934.95,206,5859.18
12/17/2024,P001,S01,22,1,0,30,51,23.61,8.56,40.11,0,256.8,2045.61,121,2302.41
12/18/2024,P001,S01,22,0,0,51,41,27.18,50.98,23.76,0,2599.98,974.16,115,3574.14
12/19/2024,P001,S01,31,1,0,90,118,23.19,49.65,46.38,0,4468.5,5472.84,254,9941.34
12/20/2024,P001,S01,25,0,0,115,45,28.89,13.43,16,0,1544.45,720,171,2264.45
12/21/2024,P001,S01,25,0,0,60,106,31.78,38,28.98,0,2280,3071.88,189,5351.88
12/22/2024,P001,S01,28,1,0,98,140,5.45,32.13,45.25,0,3148.74,6335,280,9483.74
12/23/2024,P001,S01,25,0,0,111,82,25.88,14.17,14.83,0,1572.87,1216.06,237,2788.93
12/24/2024,P001,S01,23,1,0,67,145,48.36,58.99,11.38,0,3952.33,1650.1,260,5602.43
12/25/2024,P001,S01,23,1,0,52,106,28.36,19.16,49.3,0,996.32,5225.8,187,6222.12
12/26/2024,P001,S01,24,0,0,65,132,35.49,11.5,22.8,0,747.5,3009.6,208,3757.1
12/27/2024,P001,S01,24,1,0,85,79,19.03,38.93,39.51,0,3309.05,3121.29,192,6430.34
12/28/2024,P001,S01,27,0,0,30,22,39.83,46.42,7.24,0,1392.6,159.28,98,1551.88
12/29/2024,P001,S01,25,0,1,40,58,39.78,9.69,39.81,39.78,387.6,2308.98,126,2736.36
12/30/2024,P001,S01,27,0,1,5,69,28.46,42.25,21.49,28.46,211.25,1482.81,100,1722.52
